[SeasunProtect.sys](drivers/3a9ea9a6-e5e3-439a-b892-1f78dd990099/),[507b07b0dc0e638b65b4a4d11a462b35439c746d42337b9888927bf994176102](drivers/3a9ea9a6-e5e3-439a-b892-1f78dd990099/),Vulnerable,2024-09-11
[WINIODrv.sys](drivers/b745b5da-9cd6-4b3a-badf-fbe487497705/),[3243aab18e273a9b9c4280a57aecef278e10bfff19abb260d7a7820e41739099](drivers/b745b5da-9cd6-4b3a-badf-fbe487497705/),Vulnerable driver,2023-01-09
[viragt.sys](drivers/39742f99-2180-46d7-8538-56667c935cc3/),[e05eeb2b8c18ad2cb2d1038c043d770a0d51b96b748bc34be3e7fc6f3790ce53](drivers/39742f99-2180-46d7-8538-56667c935cc3/),Vulnerable driver,2023-01-09
[Air_SYSTEM10.sys](drivers/0eb5f4ce-12a7-4b45-b021-42b995de07c5/),[f461414a2596555cece5cfee65a3c22648db0082ca211f6238af8230e41b3212](drivers/0eb5f4ce-12a7-4b45-b021-42b995de07c5/),Malicious,2023-03-03
[tboflhelper.sys](drivers/07c57c69-c8d7-40cf-8bcc-612671427044/),[aa20aa2316cd6d203146bd2bc5b7466ba7b83a8500654a688172bcafa82ab168](drivers/07c57c69-c8d7-40cf-8bcc-612671427044/),Vulnerable,2024-09-11
[bs_rcio64.sys](drivers/cacf18a5-6d7d-4a63-92d4-bda386a3da18/),[73327429c505d8c5fd690a8ec019ed4fd5a726b607cabe71509111c7bfe9fc7e](drivers/cacf18a5-6d7d-4a63-92d4-bda386a3da18/),Vulnerable drivers,2023-07-22
[KfeCo11X64.sys](drivers/76b5dfae-b384-45ce-8646-b2eec6b76a1e/),[9a91d6e83b8fdec536580f6617f10dfc64eedf14ead29a6a644eb154426622ba](drivers/76b5dfae-b384-45ce-8646-b2eec6b76a1e/),Vulnerable driver,2023-05-12
[pchunter.sys](drivers/73290fcb-a0d7-481e-81a5-65a9859b50f5/),[3f20ac5dac9171857fc5791865458fdb6eac4fab837d7eabc42cb0a83cb522fc](drivers/73290fcb-a0d7-481e-81a5-65a9859b50f5/),Vulnerable drivers,2023-07-22
[RtsPer.sys](drivers/32155681-33e8-4d0d-b9f6-c822851e7321/),[a1fa7d8275ccd14a6adc438ef4b950e7de4ed26fcbe4b3e184243663b03c83d6](drivers/32155681-33e8-4d0d-b9f6-c822851e7321/),Vulnerable driver,2024-09-10
[rtkio.sys](drivers/8d3f27bd-c3fd-48d0-913a-e2caa6fbd025/),[074ae477c8c7ae76c6f2b0bf77ac17935a8e8ee51b52155d2821d93ab30f3761](drivers/8d3f27bd-c3fd-48d0-913a-e2caa6fbd025/),Vulnerable driver,2023-01-09
[nscm.sys](drivers/351ff5ca-f07b-4eb6-9300-d5d31514defb/),[76660e91f1ff3cb89630df5af4fe09de6098d09baa66b1a130c89c3c5edd5b22](drivers/351ff5ca-f07b-4eb6-9300-d5d31514defb/),Vulnerable driver,2023-01-09
[DirectIo32.sys](drivers/ee2d68aa-1a65-4967-8627-73590b041538/),[0be4912bfd7a79f6ebfa1c06a59f0fb402bd4fe0158265780509edd0e562eac1](drivers/ee2d68aa-1a65-4967-8627-73590b041538/),Vulnerable driver,2023-05-06
[mJj0ge.sys](drivers/412f4aaf-5525-458c-b87e-311e504b856d/),[5f6fec8f7890d032461b127332759c88a1b7360aa10c6bd38482572f59d2ba8b](drivers/412f4aaf-5525-458c-b87e-311e504b856d/),Malicious,2023-05-07
[test2.sys](drivers/6356d7d9-3b82-4731-9d5f-cc9bc37558fc/),[6709a2d7925248fe172e9bc5495f45b9bb74060c43e1c58e671f0e6c434fd82b](drivers/6356d7d9-3b82-4731-9d5f-cc9bc37558fc/),Vulnerable drivers,2023-07-22
[RTCore64.sys](drivers/e32bc3da-4db1-4858-a62c-6fbe4db6afbd/),[01aa278b07b58dc46c84bd0b1b5c8e9ee4e62ea0bf7a695862444af32e87f1fd](drivers/e32bc3da-4db1-4858-a62c-6fbe4db6afbd/),Vulnerable driver,2023-01-09
[AsrOmgDrv.sys](drivers/3f39af20-802a-4909-a5de-7f6fe7aab350/),[950a4c0c772021cee26011a92194f0e58d61588f77f2873aa0599dff52a160c9](drivers/3f39af20-802a-4909-a5de-7f6fe7aab350/),Vulnerable driver,2023-01-09
[SysInfoDetectorX64.sys](drivers/c4eab0c0-caf2-42b9-84f1-b4690d3db0d4/),[45e5977b8d5baec776eb2e62a84981a8e46f6ce17947c9a76fa1f955dc547271](drivers/c4eab0c0-caf2-42b9-84f1-b4690d3db0d4/),Vulnerable driver,2023-11-02
[POORTRY1.sys](drivers/2740a074-1e06-4f75-9c6a-dc57a3f85189/),[575e58b62afab094c20c296604dc3b7dd2e1a50f5978d8ee24b7dca028e97316](drivers/2740a074-1e06-4f75-9c6a-dc57a3f85189/),Malicious,2023-03-04
[GVCIDrv64.sys](drivers/7c83cb1a-a5ab-4ea0-aa69-0e9a1d09a82f/),[42f0b036687cbd7717c9efed6991c00d4e3e7b032dc965a2556c02177dfdad0f](drivers/7c83cb1a-a5ab-4ea0-aa69-0e9a1d09a82f/),Vulnerable driver,2023-01-09
[physmem.sys](drivers/f4c22f4d-eff8-40c5-8b31-146abe5f17b7/),not available ,Vulnerable driver,2023-01-09
[BS_Flash64.sys](drivers/e299b0b6-e5e2-45b3-bf0b-c008068cebfa/),[86a8e0aa29a5b52c84921188cc1f0eca9a7904dcfe09544602933d8377720219](drivers/e299b0b6-e5e2-45b3-bf0b-c008068cebfa/),Vulnerable driver,2023-01-09
[ATSZIO.sys](drivers/23f11e19-0776-4dd4-9c9c-7f6b60f8553f/),[01e024cb14b34b6d525c642a710bfa14497ea20fd287c39ba404b10a8b143ece](drivers/23f11e19-0776-4dd4-9c9c-7f6b60f8553f/),Vulnerable driver,2023-01-09
[libnicm.sys](drivers/2b949a0d-939f-456a-a34f-4589d7712227/),[00c02901472d74e8276743c847b8148be3799b0e3037c1dfdca21fa81ad4b922](drivers/2b949a0d-939f-456a-a34f-4589d7712227/),Vulnerable driver,2023-01-09
[WinIo64A.sys](drivers/2cfede23-67f4-4af7-830f-c95ba30a43ae/),not available ,Vulnerable driver,2023-01-09
[HWiNFO32.SYS](drivers/2225128d-a23f-434a-aaee-69a88ea64fbd/),[6e9e9e0b9a23deec5f28dc45f0bbe7423565f037f74be2957e82e5f72c886094](drivers/2225128d-a23f-434a-aaee-69a88ea64fbd/),Vulnerable drivers,2023-07-22
[superbmc.sys](drivers/9074a02a-b1ca-4bfb-8918-5b88e91c04a2/),[f8430bdc6fd01f42217d66d87a3ef6f66cb2700ebb39c4f25c8b851858cc4b35](drivers/9074a02a-b1ca-4bfb-8918-5b88e91c04a2/),Vulnerable driver,2023-01-09
[AsrIbDrv.sys](drivers/31797996-6973-402d-a4a0-d01ce51e02c0/),[2a652de6b680d5ad92376ad323021850dab2c653abf06edf26120f7714b8e08a](drivers/31797996-6973-402d-a4a0-d01ce51e02c0/),Vulnerable driver,2023-01-09
[ef0e1725aaf0c6c972593f860531a2ea.sys](drivers/8c2df58f-1e02-4911-ad40-3fa4ed1f4333/),[f0474e76cfd36e37e32cfe5c0a9e05ddee17dd5014d7aa8817ea3634a3540a3f](drivers/8c2df58f-1e02-4911-ad40-3fa4ed1f4333/),Malicious,2023-07-31
[nstr.sys](drivers/90e8600a-9b5c-4153-bb06-1d8fbe0ef232/),[455bc98ba32adab8b47d2d89bdbadca4910f91c182ab2fc3211ba07d3784537b](drivers/90e8600a-9b5c-4153-bb06-1d8fbe0ef232/),Vulnerable driver,2023-01-09
[POORTRY2.sys](drivers/618fbf89-f4e3-4b2a-a4b4-cc4bf7c180e0/),[9bb09752cf3a464455422909edef518ac18fe63cf5e1e8d9d6c2e68db62e0c87](drivers/618fbf89-f4e3-4b2a-a4b4-cc4bf7c180e0/),Malicious,2023-03-04
[bwrs.sys](drivers/204eccdf-99ca-4f2a-a325-8ebe34fd29a1/),[221dfbc74bbb255b0879360ccc71a74b756b2e0f16e9386b38a9ce9d4e2e34f9](drivers/204eccdf-99ca-4f2a-a325-8ebe34fd29a1/),Vulnerable driver,2023-01-09
[AsUpIO.sys](drivers/8d97bb7f-e009-4dc7-ab9d-fde293e679dc/),[8f23313adb35782adb0ba97fefbfbb8bbc5fc40ae272e07f6d4629a5305a3fa2](drivers/8d97bb7f-e009-4dc7-ab9d-fde293e679dc/),Vulnerable driver,2023-05-06
[sepdrv3_1.sys](drivers/942f58d2-1300-4957-98a0-5f8d601bf55b/),[b2bc7514201727d773c09a1cfcfae793fcdbad98024251ccb510df0c269b04e6](drivers/942f58d2-1300-4957-98a0-5f8d601bf55b/),Vulnerable driver,2023-11-02
[EneTechIo64.sys](drivers/d64167b6-f281-41d8-9535-6cb925e77aec/),[06bda5a1594f7121acd2efe38ccb617fbc078bb9a70b665a5f5efd70e3013f50](drivers/d64167b6-f281-41d8-9535-6cb925e77aec/),Vulnerable driver,2023-01-09
[rtcoremini64.sys](drivers/b9e01a11-6395-4837-a202-0c777d717a43/),[bea8c6728d57d4b075f372ac82b8134ac8044fe13f533696a58e8864fa3efee3](drivers/b9e01a11-6395-4837-a202-0c777d717a43/),Vulnerable drivers,2023-07-22
[eneio64.sys](drivers/90ecbbf7-b02f-424d-8b7d-56cc9e3b5873/),[38c18db050b0b2b07f657c03db1c9595febae0319c746c3eede677e21cd238b0](drivers/90ecbbf7-b02f-424d-8b7d-56cc9e3b5873/),Vulnerable driver,2023-05-06
[nt5.sys](drivers/193df066-c27c-4343-a4eb-ad2ac417a4cc/),[fd33fb2735cc5ef466a54807d3436622407287e325276fcd3ed1290c98bd0533](drivers/193df066-c27c-4343-a4eb-ad2ac417a4cc/),Vulnerable driver,2023-01-09
[HOSTNT.sys](drivers/e42cd285-4dda-4086-a696-93ab1d6f17ca/),[07b6d69bafcfd767f1b63a490a8843c3bb1f8e1bbea56176109b5743c8f7d357](drivers/e42cd285-4dda-4086-a696-93ab1d6f17ca/),Vulnerable driver,2023-01-09
[GLCKIO2.sys](drivers/868c6920-f6cb-4088-8277-095a1358abe1/),[3a5ec83fe670e5e23aef3afa0a7241053f5b6be5e6ca01766d6b5f9177183c25](drivers/868c6920-f6cb-4088-8277-095a1358abe1/),Vulnerable driver,2023-01-09
[dbk64.sys](drivers/1524a54d-520d-4fa4-a7d5-aaaa066fbfc4/),[18e1707b319c279c7e0204074088cc39286007a1cf6cb6e269d5067d8d0628c6](drivers/1524a54d-520d-4fa4-a7d5-aaaa066fbfc4/),Vulnerable driver,2023-01-09
[ElbyCDIO.sys](drivers/7a722cd5-69ec-4680-9f20-9387f249a891/),[238046cfe126a1f8ab96d8b62f6aa5ec97bab830e2bae5b1b6ab2d31894c79e4](drivers/7a722cd5-69ec-4680-9f20-9387f249a891/),Vulnerable driver,2023-05-06
[wantd_6.sys](drivers/127cde1d-905e-4c67-a2c3-04ea4deaea7d/),[e7af7bcb86bd6bab1835f610671c3921441965a839673ac34444cf0ce7b2164e](drivers/127cde1d-905e-4c67-a2c3-04ea4deaea7d/),Malicious,2023-02-28
[driver_b4f33ffe.sys](drivers/51a44484-8bcc-4150-8b94-4a755cff0af8/),[b4f33ffef069c18e8a8834eb448dd1f1dbdaae93b140cfff5a1db015eb3ada2f](drivers/51a44484-8bcc-4150-8b94-4a755cff0af8/),Malicious,2024-09-10
[AsrAutoChkUpdDrv.sys](drivers/b72f7335-6f27-42c5-85f5-ed7eb9016eac/),[2aa1b08f47fbb1e2bd2e4a492f5d616968e703e1359a921f62b38b8e4662f0c4](drivers/b72f7335-6f27-42c5-85f5-ed7eb9016eac/),Vulnerable driver,2023-01-09
[CITMDRV_IA64.sys](drivers/0f21a584-6ace-4242-82cb-9766cea6973a/),[1c8dfa14888bb58848b4792fb1d8a921976a9463be8334cff45cc96f1276049a](drivers/0f21a584-6ace-4242-82cb-9766cea6973a/),Vulnerable driver,2023-01-09
[wantd_4.sys](drivers/72637cb1-5ca2-4ad0-a5df-20da17b231b5/),[8d9a2363b757d3f127b9c6ed8f7b8b018e652369bc070aa3500b3a978feaa6ce](drivers/72637cb1-5ca2-4ad0-a5df-20da17b231b5/),Malicious,2023-02-28
[bedaisy.sys](drivers/db666d40-c9fa-4039-bfac-a5d7afd61b67/),[2b120de80a5462f8395cfb7153c86dfd44f29f0776ea156ec4a34fa64e5c4797](drivers/db666d40-c9fa-4039-bfac-a5d7afd61b67/),Vulnerable driver,2023-04-22
[daxin_blank2.sys](drivers/2e1531b2-d370-4543-9e2e-5319a1c13c22/),[5c1585b1a1c956c7755429544f3596515dfdf928373620c51b0606a520c6245a](drivers/2e1531b2-d370-4543-9e2e-5319a1c13c22/),Malicious,2023-02-28
[Monitor_win10_x64.sys](drivers/ca415ed5-b611-4840-bfb2-6e1eacac33d1/),[e4a7da2cf59a4a21fc42b611df1d59cae75051925a7ddf42bf216cc1a026eadb](drivers/ca415ed5-b611-4840-bfb2-6e1eacac33d1/),Vulnerable driver,2023-01-09
[ASIO32.sys](drivers/920e3326-e5dc-446a-9993-6ec05266e0e0/),not available ,Vulnerable driver,2023-01-09
[gdrv.sys](drivers/2bea1bca-753c-4f09-bc9f-566ab0193f4a/),[31f4cfb4c71da44120752721103a16512444c13c2ac2d857a7e6f13cb679b427](drivers/2bea1bca-753c-4f09-bc9f-566ab0193f4a/),Vulnerable driver,2023-01-09
[ktes.sys](drivers/c734bcff-aaaa-4450-a9a9-25ee52aa7ff1/),not available ,Malicious,2023-06-05
[NQrmq.sys](drivers/61abe019-08cb-48a3-89b2-62810696f277/),[ad938d15ecfd70083c474e1642a88b078c3cea02cdbddf66d4fb1c01b9b29d9a](drivers/61abe019-08cb-48a3-89b2-62810696f277/),Malicious,2023-06-05
[DBUtilDrv2.sys](drivers/bb808089-5857-4df2-8998-753a7106cb44/),[2e6b339597a89e875f175023ed952aaac64e9d20d457bbc07acf1586e7fe2df8](drivers/bb808089-5857-4df2-8998-753a7106cb44/),Vulnerable driver,2023-01-09
[windbg.sys](drivers/da7314dc-6cf1-4d74-a0d1-796fc08944f8/),[139f8412a7c6fdc43dcfbbcdba256ee55654eb36a40f338249d5162a1f69b988](drivers/da7314dc-6cf1-4d74-a0d1-796fc08944f8/),Malicious,2023-05-20
[6771b13a53b9c7449d4891e427735ea2.sys](drivers/ddca6daf-4932-4e82-ad3c-d92d47632ea4/),[a2d32c28eb5945b85872697d7cfbe87813c09a0e1be28611563755f68b9cb88b](drivers/ddca6daf-4932-4e82-ad3c-d92d47632ea4/),Malicious,2023-07-31
[CP2X72C.SYS](drivers/a08ee79f-801d-4b98-996f-55f6a72ac5f7/),[05c15a75d183301382a082f6d76bf3ab4c520bf158abca4433d9881134461686](drivers/a08ee79f-801d-4b98-996f-55f6a72ac5f7/),Vulnerable driver,2023-11-02
[NlsLexicons0024UvN.sys](drivers/18a842be-681a-4f32-97fd-57cb72ff5f3a/),[7a84703552ae032a0d1699a081e422ed6c958bbe56d5b41839c8bfa6395bee1d](drivers/18a842be-681a-4f32-97fd-57cb72ff5f3a/),Malicious,2023-07-12
[4.sys](drivers/05d7cfea-1fb9-4559-8837-d97b713254fe/),[8e035beb02a411f8a9e92d4cf184ad34f52bbd0a81a50c222cdd4706e4e45104](drivers/05d7cfea-1fb9-4559-8837-d97b713254fe/),Malicious,2023-03-04
[driver_290bc782.sys](drivers/f5c1a46f-21e6-4b06-b212-2dc55b699497/),[290bc7822da41f0b5580b27c8d14a2a5c3fbe3e4b6921957b134efc6beeb0aeb](drivers/f5c1a46f-21e6-4b06-b212-2dc55b699497/),Malicious,2024-09-10
[ATSZIO.sys](drivers/6ec5ddda-f302-4008-a73e-12814c1d571f/),[0da746e49fd662be910d0e366934a7e02898714eaaa577e261ab40eb44222b5c](drivers/6ec5ddda-f302-4008-a73e-12814c1d571f/),Vulnerable driver,2023-05-06
[AsrDrv10.sys](drivers/0258df5c-c3c1-4ed5-ba8f-846d91526ffe/),[ece0a900ea089e730741499614c0917432246ceb5e11599ee3a1bb679e24fd2c](drivers/0258df5c-c3c1-4ed5-ba8f-846d91526ffe/),Vulnerable driver,2023-01-09
[iqvw64e.sys](drivers/1d2cdef1-de44-4849-80e5-e2fa288df681/),[37c637a74bf20d7630281581a8fae124200920df11ad7cd68c14c26cc12c5ec9](drivers/1d2cdef1-de44-4849-80e5-e2fa288df681/),Vulnerable driver,2023-01-09
[rtkiow8x64.sys ](drivers/998ed67c-9c20-46ef-a6ba-abc606b540b9/),[b205835b818d8a50903cf76936fcf8160060762725bd74a523320cfbd091c038](drivers/998ed67c-9c20-46ef-a6ba-abc606b540b9/),Vulnerable drivers,2023-07-22
[kEvP64.sys](drivers/73196456-40ae-4b6d-8562-07cf99458a7d/),[09b0e07af8b17db1d896b78da4dd3f55db76738ee1f4ced083a97d737334a184](drivers/73196456-40ae-4b6d-8562-07cf99458a7d/),Vulnerable driver,2023-05-06
[HpPortIox64.sys](drivers/080ff223-f8e0-49c0-a7b5-e97349cf81a0/),[c5050a2017490fff7aa53c73755982b339ddb0fd7cef2cde32c81bc9834331c5](drivers/080ff223-f8e0-49c0-a7b5-e97349cf81a0/),Vulnerable driver,2023-01-09
[kEvP64.sys](drivers/fe2f68e1-e459-4802-9a9a-23bb3c2fd331/),[7462b7ae48ae9469474222d4df2f0c4f72cdef7f3a69a524d4fccc5ed0fd343f](drivers/fe2f68e1-e459-4802-9a9a-23bb3c2fd331/),Vulnerable driver,2023-01-09
[AsrRapidStartDrv.sys](drivers/19d16518-4aee-4983-ba89-dbbe0fa8a3e7/),[0aafa9f47acf69d46c9542985994ff5321f00842a28df2396d4a3076776a83cb](drivers/19d16518-4aee-4983-ba89-dbbe0fa8a3e7/),Vulnerable driver,2023-01-09
[GLCKIO2.sys](drivers/52ded752-2708-499e-8f37-98e4a9adc23c/),[e5b0772be02e2bc807804874cf669e97aa36f5aff1f12fa0a631a3c7b4dd0dc8](drivers/52ded752-2708-499e-8f37-98e4a9adc23c/),Vulnerable driver,2023-05-06
[msio32.sys](drivers/58509acb-50b4-41a0-9de3-76c571a459e3/),[c7d4943ddac34e1a38692c624d799e634ad4c4e3ae7e3bb2ae4cf0d8eb8985bc](drivers/58509acb-50b4-41a0-9de3-76c571a459e3/),Vulnerable drivers,2023-07-22
[driver_1a74c2bd.sys](drivers/af153e7c-13fa-4a40-a095-00726ad6d783/),[1a74c2bde0c9a76486657ccb9c79ea87c9891a32cdd4aa15c7542f7c9487a539](drivers/af153e7c-13fa-4a40-a095-00726ad6d783/),Malicious,2024-09-10
[DirectIo.sys](drivers/ce2d41fd-908f-414c-b6b5-338298f425b8/),[4422851a0a102f654e95d3b79c357ae3af1b096d7d1576663c027cfbc04abaf9](drivers/ce2d41fd-908f-414c-b6b5-338298f425b8/),Vulnerable driver,2023-01-09
[mtcBSv64.sys](drivers/3bc629e8-7bf8-40c2-965b-87eb155e0065/),[c9cf1d627078f63a36bbde364cd0d5f2be1714124d186c06db5bcdf549a109f8](drivers/3bc629e8-7bf8-40c2-965b-87eb155e0065/),Vulnerable driver,2023-01-09
[SysInfo.sys](drivers/84ccb68d-ce34-4aa2-98d5-7f473c2e1b07/),[7049f3c939efe76a5556c2a2c04386db51daf61d56b679f4868bb0983c996ebb](drivers/84ccb68d-ce34-4aa2-98d5-7f473c2e1b07/),Vulnerable driver,2023-01-09
[daxin_blank4.sys](drivers/f8bddc8b-49b9-41f7-a877-d15ec3f174f9/),[8dafe5f3d0527b66f6857559e3c81872699003e0f2ffda9202a1b5e29db2002e](drivers/f8bddc8b-49b9-41f7-a877-d15ec3f174f9/),Malicious,2023-02-28
[driver_0ffb4081.sys](drivers/8081b0d0-e18e-474a-bdfa-8ff1956d90cb/),[0ffb4081fe867c98118e472538e8a3e6feac2a9d80b5ae2d4e2b621b344cd6d9](drivers/8081b0d0-e18e-474a-bdfa-8ff1956d90cb/),Malicious,2024-09-10
[BioNTdrv.sys](drivers/e6378671-986d-42a1-8e7a-717117c83751/),[fb0dbc3b9c897b7571b94fb2203ffb1ac0facfe366b2cb1f91904ea5335018f0](drivers/e6378671-986d-42a1-8e7a-717117c83751/),Vulnerable driver,2025-03-02
[rtport.sys](drivers/8ecc8439-0554-40d0-9130-c02941deadbe/),[3c0a36990f7eef89b2d5f454b6452b6df1304609903f31f475502e4050241dd8](drivers/8ecc8439-0554-40d0-9130-c02941deadbe/),Vulnerable driver,2023-11-02
[atillk64.sys](drivers/10b1fc3d-c444-4885-8ca9-4b5891885507/),[38bb9751a3a1f072d518afe6921a66ee6d5cf6d25bc50af49e1925f20d75d4d7](drivers/10b1fc3d-c444-4885-8ca9-4b5891885507/),Vulnerable driver,2023-05-06
[RtsUer.sys](drivers/71d930a7-3465-4d27-90d4-2a1a08bebb92/),[39171fcaff172d6b38762acef3d3352f9a375e3db7e54a7b51261a53b3c94266](drivers/71d930a7-3465-4d27-90d4-2a1a08bebb92/),Vulnerable driver,2024-09-10
[avalueio.sys](drivers/4f0a65a7-9a01-40cb-8d95-0844515103e6/),[a5a4a3c3d3d5a79f3ed703fc56d45011c21f9913001fcbcc43a3f7572cff44ec](drivers/4f0a65a7-9a01-40cb-8d95-0844515103e6/),Vulnerable driver,2023-11-02
[ComputerZ.Sys](drivers/9bf033e4-7295-4b63-8772-638b76851741/),[00d9781d0823ab49505ef9c877aa6fa674e19ecc8b02c39ee2728f298bc92b03](drivers/9bf033e4-7295-4b63-8772-638b76851741/),Vulnerable driver,2023-11-02
[otipcibus.sys](drivers/17cf4fac-88f1-467d-9f62-481d33accc5b/),[4e3eb5b9bce2fd9f6878ae36288211f0997f6149aa8c290ed91228ba4cdfae80](drivers/17cf4fac-88f1-467d-9f62-481d33accc5b/),Vulnerable driver,2023-01-09
[amsdk.sys](drivers/a285591e-ad3c-46a3-a648-c58589ff5efc/),[6f55c148bb27c14408cf0f16f344abcd63539174ac855e510a42d78cfaec451c](drivers/a285591e-ad3c-46a3-a648-c58589ff5efc/),Vulnerable driver,2023-05-22
[mhyprotrpg.sys](drivers/181b89e5-4bdd-4e95-b1bc-a294a4adfb29/),[8bf84bed9b5fa4576182c84d2f31679dc472acd0f83c9813498e9f71ed9fef3e](drivers/181b89e5-4bdd-4e95-b1bc-a294a4adfb29/),Vulnerable drivers,2023-07-22
[fidpcidrv64.sys](drivers/a005e057-c84f-47cd-9b4b-5b1e51a06ab4/),[3ac5e01689a3d745e60925bc7faca8d4306ae693e803b5e19c94906dc30add46](drivers/a005e057-c84f-47cd-9b4b-5b1e51a06ab4/),Vulnerable driver,2023-01-09
[aswVmm.sys](drivers/a845a05c-5357-4b78-9783-16b4d34b2cb0/),[36505921af5a09175395ebaea29c72b2a69a3a9204384a767a5be8a721f31b10](drivers/a845a05c-5357-4b78-9783-16b4d34b2cb0/),Vulnerable driver,2023-01-09
[VBoxUSB.Sys](drivers/5938df1d-9513-449f-8252-c442ddca0c2a/),[6071db01b50c658cf78665c24f1d21f21b4a12d16bfcfaa6813bf6bbc4d0a1e8](drivers/5938df1d-9513-449f-8252-c442ddca0c2a/),Vulnerable driver,2023-05-06
[NetProxyDriver.sys](drivers/c1ece07b-e92a-4050-95ee-90e03aa82120/),[8111085022bda87e5f6aa4c195e743cc6dd6a3a6d41add475d267dc6b105a69f](drivers/c1ece07b-e92a-4050-95ee-90e03aa82120/),Vulnerable driver,2023-01-09
[spf.sys](drivers/56b320b3-5b12-4ec6-81e2-5a16c56c7478/),[321cc3f24a518c70fb537ee9472b1777d05727c649d5b6538082a971c40ddcbe](drivers/56b320b3-5b12-4ec6-81e2-5a16c56c7478/),Vulnerable drivers,2023-07-22
[d4.sys](drivers/c2e70ee6-2f13-4d43-ad5a-c2bf033cc457/),[823da894b2c73ffcd39e77366b6f1abf0ae9604d9b20140a54e6d55053aadeba](drivers/c2e70ee6-2f13-4d43-ad5a-c2bf033cc457/),Vulnerable driver,2023-01-09
[BSMEMx64.sys](drivers/9e87b6b0-00ed-4259-bcd7-05e2c924d58c/),[f929bead59e9424ab90427b379dcdd63fbfe0c4fb5e1792e3a1685541cd5ec65](drivers/9e87b6b0-00ed-4259-bcd7-05e2c924d58c/),Vulnerable driver,2023-01-09
[GtcKmdfBs.sys](drivers/b0dedc3f-6e4b-497a-aade-390cbf4beebb/),[0abca92512fc98fe6c2e7d0a33935686fc3acbd0a4c68b51f4a70ece828c0664](drivers/b0dedc3f-6e4b-497a-aade-390cbf4beebb/),Vulnerable driver,2023-11-02
[NTIOLib_X64.sys](drivers/54d67d79-0268-4c5f-be7e-0f74cd20828a/),[d8b58f6a89a7618558e37afc360cd772b6731e3ba367f8d58734ecee2244a530](drivers/54d67d79-0268-4c5f-be7e-0f74cd20828a/),Vulnerable driver,2023-01-09
[HWiNFO64I.SYS](drivers/080a834f-3e19-4cae-b940-a4ecf901db28/),[33c6c622464f80a8d8017a03ff3aa196840da8bb03bfb5212b51612b5cf953dc](drivers/080a834f-3e19-4cae-b940-a4ecf901db28/),Vulnerable drivers,2023-07-22
[b1.sys](drivers/69b924ab-2e4a-4eae-8091-4151c238136e/),[a3e507e713f11901017fc328186ae98e23de7cea5594687480229f77d45848d8](drivers/69b924ab-2e4a-4eae-8091-4151c238136e/),Vulnerable driver,2023-01-09
[HwOs2Ec10x64.sys](drivers/3ab0d182-6365-47a7-89f4-34121e889503/),[bb1135b51acca8348d285dc5461d10e8f57260e7d0c8cc4a092734d53fc40cbc](drivers/3ab0d182-6365-47a7-89f4-34121e889503/),Vulnerable driver,2023-01-09
[WinFlash64.sys](drivers/7b893f79-b5b0-4373-9d29-c53a21fe6fc3/),[316a27e2bdb86222bc7c8af4e5472166b02aec7f3f526901ce939094e5861f6d](drivers/7b893f79-b5b0-4373-9d29-c53a21fe6fc3/),Vulnerable driver,2023-05-06
[WinRing0.sys](drivers/7bb5ff05-25f8-410d-ae99-c8e8f082d24f/),[3ec5ad51e6879464dfbccb9f4ed76c6325056a42548d5994ba869da9c4c039a8](drivers/7bb5ff05-25f8-410d-ae99-c8e8f082d24f/),Vulnerable driver,2023-01-09
[sfdrvx32.sys](drivers/2ada18ae-2c52-49b6-b1a0-cf3b267f6dc7/),[ad23d77a38655acb71216824e363df8ac41a48a1a0080f35a0d23aa14b54460b](drivers/2ada18ae-2c52-49b6-b1a0-cf3b267f6dc7/),Vulnerable driver,2023-05-06
[mapmom.sys](drivers/cf94939a-703f-46a4-917b-d6af7e0685ef/),[18b12a09448244180344d7e5f8028a0ca53ca0f3bddfec06d00f995619c3fc0b](drivers/cf94939a-703f-46a4-917b-d6af7e0685ef/),Vulnerable drivers,2023-07-22
[wantd_3.sys](drivers/a22104a8-126d-449f-ba3e-28678c60c587/),[81c7bb39100d358f8286da5e9aa838606c98dfcc263e9a82ed91cd438cb130d1](drivers/a22104a8-126d-449f-ba3e-28678c60c587/),Malicious,2023-02-28
[mhyprotnap.sys](drivers/75a66604-f024-4f11-8ba7-fdd64a0df3bf/),[40263b08b3c3659529ab605d1daa3033db0fdc4b19c26aa375be0c19686807e6](drivers/75a66604-f024-4f11-8ba7-fdd64a0df3bf/),Vulnerable drivers,2023-07-22
[ampa.sys](drivers/ea0e7351-b65c-4c5a-9863-83b9d5efcec3/),[01d51df682136cce453bb1da8964073e6bc7297ce4dae7301c753bb618a69469](drivers/ea0e7351-b65c-4c5a-9863-83b9d5efcec3/),Vulnerable,2024-09-11
[ntbios_2.sys](drivers/33a9c9ae-5ca3-442d-9f0f-2615637c1c57/),[c0d88db11d0f529754d290ed5f4c34b4dba8c4f2e5c4148866daabeab0d25f9c](drivers/33a9c9ae-5ca3-442d-9f0f-2615637c1c57/),Malicious,2023-02-28
[driver_ab811ca5.sys](drivers/09d2e61d-e041-4ec8-ab7b-385848456a36/),[ab811ca59a8a8e92fff3eca9d359a8ed5482e781c97e63dbece046d929d0a79c](drivers/09d2e61d-e041-4ec8-ab7b-385848456a36/),Malicious,2024-09-10
[BS_Def64.sys](drivers/4a80da66-f8f1-4af9-ba56-696cfe6c1e10/),[0040153302b88bee27eb4f1eca6855039e1a057370f5e8c615724fa5215bada3](drivers/4a80da66-f8f1-4af9-ba56-696cfe6c1e10/),Vulnerable driver,2023-01-09
[driver_5c308aed.sys](drivers/647f72e7-f378-4908-946c-5e45fab448e8/),[5c308aede12fefb8145c015a97d7844106df5469de97773cba3bd3d772dc7d24](drivers/647f72e7-f378-4908-946c-5e45fab448e8/),Malicious,2024-09-10
[Phymemx64.sys](drivers/268e87ba-ad44-4f3c-986f-26712cac68da/),[19a212e6fc324f4cb9ee5eba60f5c1fc0191799a4432265cbeaa3307c76a7fc0](drivers/268e87ba-ad44-4f3c-986f-26712cac68da/),Vulnerable driver,2023-01-09
[Afd.sys](drivers/394f49b2-2d78-4d0d-b374-1399695455f3/),[ebf6be42d39fd5d9361afa43479f883ff8eba97d72f313ece289f78cb51c22f2](drivers/394f49b2-2d78-4d0d-b374-1399695455f3/),Vulnerable driver,2024-08-21
[inpoutx64.sys](drivers/91ff1575-9ff2-46fd-8bfe-0bb3e3457b7f/),[2d83ccb1ad9839c9f5b3f10b1f856177df1594c66cbbc7661677d4b462ebf44d](drivers/91ff1575-9ff2-46fd-8bfe-0bb3e3457b7f/),Vulnerable driver,2023-01-09
[driver_d1ea9e16.sys](drivers/8697785a-d088-42a7-ac25-b5c8a3b22664/),[d1ea9e16cefbec53a65a290bb42ee9d6e31218b9d4dfca676b66373cece9a54a](drivers/8697785a-d088-42a7-ac25-b5c8a3b22664/),Malicious,2024-09-10
[iscflashx64.sys](drivers/97ed6c7b-be4c-4f60-9157-c788a555ca9f/),[ce0a4430d090ba2f1b46abeaae0cb5fd176ac39a236888fa363bf6f9fd6036d9](drivers/97ed6c7b-be4c-4f60-9157-c788a555ca9f/),Vulnerable driver,2023-10-12
[2.sys](drivers/bb1f80f3-d2fd-463e-9403-57c919bd976b/),[df72cb33a23ae8f6f9dc64bb738fcfaea959368ce05cf399f3c7db5e90104bd7](drivers/bb1f80f3-d2fd-463e-9403-57c919bd976b/),Malicious,2024-09-10
[Netfilter.sys](drivers/9454a752-233e-4ba2-b585-8da242bf8f31/),[22da5a055b7b17c69def9f5af54e257c751507e7b6b9a835fcf6245ab90ae750](drivers/9454a752-233e-4ba2-b585-8da242bf8f31/),Vulnerable drivers,2023-07-22
[driver_4fc254af.sys](drivers/85335187-dae0-4f06-acea-209efaf74973/),[4fc254af8ebfa6fc1050f65c17015b39b36693b58f029c2fa1873976cbca52df](drivers/85335187-dae0-4f06-acea-209efaf74973/),Malicious,2024-09-10
[Proxy64.sys](drivers/5d3f0b7d-7413-48e6-8d9c-7fc0bb5a66ee/),[c60fcff9c8e5243bbb22ec94618b9dcb02c59bb49b90c04d7d6ab3ebbd58dc3a](drivers/5d3f0b7d-7413-48e6-8d9c-7fc0bb5a66ee/),Vulnerable driver,2023-01-09
[VBoxUSBMon.sys](drivers/babe348d-f160-41ec-9db9-2413b989c1f0/),[3d055be2671e136c937f361cef905e295ddb6983526341f1d5f80a16b7655b40](drivers/babe348d-f160-41ec-9db9-2413b989c1f0/),Vulnerable drivers,2023-07-22
[BS_I2cIo.sys](drivers/66be9e0a-9246-4404-b5b5-7fbde351668f/),[42e170a7ab1d2c160d60abfc906872f9cfd0c2ee169ed76f6acb3f83b3eeefdb](drivers/66be9e0a-9246-4404-b5b5-7fbde351668f/),Vulnerable driver,2023-05-06
[NetFlt.sys](drivers/30d6c39c-1d93-4101-8dd3-322ff0ab7fb3/),[f8886a9c759e0426e08d55e410b02c5b05af3c287b15970175e4874316ffaf13](drivers/30d6c39c-1d93-4101-8dd3-322ff0ab7fb3/),Vulnerable driver,2023-01-09
[psmounterex.sys](drivers/0f64bf7a-2ef2-45ea-af7d-4e7c87d98777/),[4e99d454a56845bb0e622cfd68b895b7868ef7e8a43424e5b7b803f5a2d25eca](drivers/0f64bf7a-2ef2-45ea-af7d-4e7c87d98777/),Vulnerable,2024-09-11
[jokercontroller.sys](drivers/4c815256-2534-4476-b15d-7cbf24c80098/),[f6d7faddc3a56875a8d24e4785a139141dd892968f70bf0e37d505af9a3324fd](drivers/4c815256-2534-4476-b15d-7cbf24c80098/),Vulnerable drivers,2023-07-22
[WinIO32A.sys](drivers/1068f5cc-65dd-4fd0-b3d8-1d982b37405f/),not available ,Vulnerable driver,2023-01-09
[nt3.sys](drivers/d5118882-6cdd-4b06-8bf4-e9818f16137e/),[7d8937c18d6e11a0952e53970a0934cf0e65515637ac24d6ca52ccf4b93d385f](drivers/d5118882-6cdd-4b06-8bf4-e9818f16137e/),Vulnerable driver,2023-01-09
[fildds.sys](drivers/af98f6e6-f19e-4705-a7b9-e7ee7377447b/),[f8c07b6e2066a5a22a92d9f521ecdeb8c68698c400e4b83e0501b9f340957c22](drivers/af98f6e6-f19e-4705-a7b9-e7ee7377447b/),Vulnerable driver,2024-06-20
[Driver7.sys](drivers/9ca73d04-3349-4c16-9384-94c43335a031/),[1beb15c90dcf7a5234ed077833a0a3e900969b60be1d04fcebce0a9f8994bdbb](drivers/9ca73d04-3349-4c16-9384-94c43335a031/),Vulnerable drivers,2023-07-22
[elbycdio.sys](drivers/855ade1f-8a9e-4c9d-ab8e-d7e409609852/),[eea53103e7a5a55dc1df79797395a2a3e96123ebd71cdd2db4b1be80e7b3f02b](drivers/855ade1f-8a9e-4c9d-ab8e-d7e409609852/),Vulnerable driver,2023-01-09
[fur.sys](drivers/c1265ee4-aed4-4e65-ac54-c64deb5e3b28/),[0d10c4b2f56364b475b60bd2933273c8b1ed2176353e59e65f968c61e93b7d99](drivers/c1265ee4-aed4-4e65-ac54-c64deb5e3b28/),Malicious,2023-05-07
[GameTerSafe.sys](drivers/067589f2-4f29-4dc4-bd50-a2e2ee57b25f/),[3e9b62d2ea2be50a2da670746c4dbe807db9601980af3a1014bcd72d0248d84c](drivers/067589f2-4f29-4dc4-bd50-a2e2ee57b25f/),Vulnerable driver,2023-01-09
[nicm.sys](drivers/86cff0de-2536-4b8d-a846-a7312c569597/),[7a2cd1dc110d014165c001ce65578da0c0c8d7d41cc1fa44f974e8a82296fc25](drivers/86cff0de-2536-4b8d-a846-a7312c569597/),Vulnerable driver,2023-01-09
[IOMap64.sys](drivers/f4990bdd-8821-4a3c-a11a-4651e645810c/),[ea85bbe63d6f66f7efee7007e770af820d57f914c7f179c5fee3ef2845f19c41](drivers/f4990bdd-8821-4a3c-a11a-4651e645810c/),Vulnerable driver,2023-01-09
[aswArPot.sys](drivers/57fc510a-e649-4599-b83e-8f3605e3d1d9/),[4b5229b3250c8c08b98cb710d6c056144271de099a57ae09f5d2097fc41bd4f1](drivers/57fc510a-e649-4599-b83e-8f3605e3d1d9/),Vulnerable driver,2023-01-09
[directio64.sys](drivers/afed9dff-245e-4875-a156-3c5584beed03/),[092349aebdac28294dbad1656759d8461f362d1a36b01054dccf861d97beadf0](drivers/afed9dff-245e-4875-a156-3c5584beed03/),Vulnerable driver,2023-05-06
[POORTRY.sys](drivers/25d5ebe3-e827-44a4-86fc-898844595c23/),[6b5cf41512255237064e9274ca8f8a3fef820c45aa6067c9c6a0e6f5751a0421](drivers/25d5ebe3-e827-44a4-86fc-898844595c23/),Malicious,2023-03-04
[magdrvamd64.sys](drivers/cfd36b2e-cf96-498e-aeb6-ee20e7b33bbb/),[be54f7279e69fb7651f98e91d24069dbc7c4c67e65850e486622ccbdc44d9a57](drivers/cfd36b2e-cf96-498e-aeb6-ee20e7b33bbb/),Vulnerable driver,2023-01-09
[2.sys](drivers/0c0198a3-5c63-4a9b-abe9-88a810602329/),[88076e98d45ed3adf0c5355411fe8ca793eb7cec1a1c61f5e1ec337eae267463](drivers/0c0198a3-5c63-4a9b-abe9-88a810602329/),Malicious,2023-03-04
[vboxguest.sys](drivers/0baa833c-e4e1-449e-86ee-cafeb11f5fd5/),[983310cdce8397c016bfcfcc9c3a8abbb5c928b235bc3c3ae3a3cc10ef24dfbd](drivers/0baa833c-e4e1-449e-86ee-cafeb11f5fd5/),Vulnerable drivers,2023-07-22
[WinFlash64.sys](drivers/902249eb-87cb-4c01-8da7-17675d743cd7/),[677c0b1add3990fad51f492553d3533115c50a242a919437ccb145943011d2bf](drivers/902249eb-87cb-4c01-8da7-17675d743cd7/),Vulnerable driver,2023-01-09
[windows8-10-32.sys](drivers/7437388f-821e-421f-a3c1-62ce2c725a6a/),[5b9623da9ba8e5c80c49473f40ffe7ad315dcadffc3230afdc9d9226d60a715a](drivers/7437388f-821e-421f-a3c1-62ce2c725a6a/),Vulnerable driver,2023-01-09
[c.sys](drivers/404f6db5-6be8-44a9-9898-badd56f96721/),[cc383ad11e9d06047a1558ed343f389492da3ac2b84b71462aee502a2fa616c8](drivers/404f6db5-6be8-44a9-9898-badd56f96721/),Vulnerable driver,2023-01-09
[driver_77225a99.sys](drivers/5fb86651-c152-404a-9a2f-0f54b0d2bb55/),[77225a99b2e0e2b4007fb2f5a96d356e13deab45b9ef54c175d5452de8a211a7](drivers/5fb86651-c152-404a-9a2f-0f54b0d2bb55/),Malicious,2024-09-10
[CupFixerx64.sys](drivers/c98af16e-197f-4e66-bf94-14646bde32dd/),[8c748ae5dcc10614cc134064c99367d28f3131d1f1dda0c9c29e99279dc1bdd9](drivers/c98af16e-197f-4e66-bf94-14646bde32dd/),Vulnerable driver,2023-05-06
[wsftprm.sys](drivers/30e8d598-2c60-49e4-953b-a6f620da1371/),[ff5dbdcf6d7ae5d97b6f3ef412df0b977ba4a844c45b30ca78c0eeb2653d69a8](drivers/30e8d598-2c60-49e4-953b-a6f620da1371/),Vulnerable,2024-09-11
[ncpl.sys](drivers/8ff4ab50-05b7-4bfa-b994-1920c4ed4978/),[6c7120e40fc850e4715058b233f5ad4527d1084a909114fd6a36b7b7573c4a44](drivers/8ff4ab50-05b7-4bfa-b994-1920c4ed4978/),Vulnerable driver,2023-01-09
[full.sys](drivers/ddbd60c3-0611-4a59-894d-aec84203906f/),not available ,Vulnerable driver,2023-01-09
[a9df5964635ef8bd567ae487c3d214c4.sys](drivers/ac62e709-4aa5-41f4-87b1-b811283d70d1/),[b0f1fbadc1d7a77557d3d836f7698bd986a3ec9fc5d534ad3403970f071176f7](drivers/ac62e709-4aa5-41f4-87b1-b811283d70d1/),Malicious,2023-07-31
[AsmIo64.sys](drivers/257d425f-f660-466c-8bee-c24cccf06daa/),[e4658d93544f69f5cb9aa6d9fec420fecc8750cb57e1e9798da38c139d44f2eb](drivers/257d425f-f660-466c-8bee-c24cccf06daa/),Vulnerable driver,2023-10-12
[LenovoDiagnosticsDriver.sys](drivers/81a73e57-2e92-4d21-97d3-1c21eb4c3aea/),[f05b1ee9e2f6ab704b8919d5071becbce6f9d0f9d0ba32a460c41d5272134abe](drivers/81a73e57-2e92-4d21-97d3-1c21eb4c3aea/),Vulnerable driver,2023-01-09
[TdkLib64.sys](drivers/933f5671-e995-4976-8392-52d34dcd4e05/),[2695390a8a7448390fe383beb1eee06d582202683f0273d6e72ef39a8cf709e1](drivers/933f5671-e995-4976-8392-52d34dcd4e05/),Vulnerable driver,2023-11-02
[winio64.sys](drivers/94eb0694-29ba-4f8e-b763-86c6371db6cc/),[e1980c6592e6d2d92c1a65acad8f1071b6a404097bb6fcce494f3c8ac31385cf](drivers/94eb0694-29ba-4f8e-b763-86c6371db6cc/),Vulnerable driver,2023-01-09
[nvflsh32.sys](drivers/c33648d7-6473-4e2b-92f6-93f195bc183f/),[4710acca9c4a61e2fc6daafb09d72e11b603ef8cd732e12a84274ea9ad6d43be](drivers/c33648d7-6473-4e2b-92f6-93f195bc183f/),Vulnerable drivers,2023-07-22
[sfdrvx64.sys](drivers/5a03dc5a-115d-4d6f-b5b5-685f4c014a69/),[965d4f981b54669a96c5ab02d09bf0a9850d13862425b8981f1a9271350f28bb](drivers/5a03dc5a-115d-4d6f-b5b5-685f4c014a69/),Vulnerable drivers,2023-07-22
[pxitrig64.sys](drivers/c8619f49-8e23-489b-9878-53d27533da15/),[56ece6b6b1d2da18458c9d8edc586bd2b9f7c4b092a9745fbed659238b2b3157](drivers/c8619f49-8e23-489b-9878-53d27533da15/),Vulnerable,2024-09-11
[asrdrv104.sys](drivers/9889da50-3908-4499-a729-187295a60a0e/),not available ,Vulnerable driver,2023-01-09
[MsIo64.sys](drivers/6d21df78-d718-44df-b722-99eec654f5b2/),[43ba8d96d5e8e54cab59d82d495eeca730eeb16e4743ed134cdd495c51a4fc89](drivers/6d21df78-d718-44df-b722-99eec654f5b2/),Vulnerable driver,2023-01-09
[goad.sys](drivers/29cb263b-b0b0-40d5-a97d-5ddf4ba79c1e/),not available ,Vulnerable driver,2023-01-09
[WiseUnlo.sys](drivers/b28cc2ee-d4a2-4fe4-9acb-a7a61cad20c6/),[9d530642aeb6524691d06b9e02a84e3487c9cdd86c264b105035d925c984823a](drivers/b28cc2ee-d4a2-4fe4-9acb-a7a61cad20c6/),Vulnerable driver,2023-01-09
[834761775.sys](drivers/66813e1f-13c8-4884-931a-62b46350c345/),[24c900024d213549502301c366d18c318887630f04c96bf0a3d6ba74e0df164f](drivers/66813e1f-13c8-4884-931a-62b46350c345/),Malicious,2023-07-12
[sysconp.sys](drivers/62f76f62-ef82-49ea-a26f-36e5727e8d83/),[dba8db472e51edd59f0bbaf4e09df71613d4dd26fd05f14a9bc7e3fc217a78aa](drivers/62f76f62-ef82-49ea-a26f-36e5727e8d83/),Vulnerable driver,2023-11-02
[HwOs2Ec7x64.sys](drivers/e4098d7e-78b3-4da1-96cb-68b27f245e02/),[b179e1ab6dc0b1aee783adbcad4ad6bb75a8a64cb798f30c0dd2ee8aaf43e6de](drivers/e4098d7e-78b3-4da1-96cb-68b27f245e02/),Vulnerable driver,2023-01-09
[5a4fe297c7d42539303137b6d75b150d.sys](drivers/75b9b0c5-dd3e-4cf3-a693-c80f2feabb6a/),[9a67626fb468d3f114c23ac73fd8057f43d06393d3eca04da1d6676f89da2d40](drivers/75b9b0c5-dd3e-4cf3-a693-c80f2feabb6a/),Malicious,2023-07-31
[4748696211bd56c2d93c21cab91e82a5.sys](drivers/2d6c1da6-17e2-4385-ad93-1430f83bde83/),[888491196bd8ff528b773a3e453eae49063ad31fb4ca0f9f2e433f8d35445440](drivers/2d6c1da6-17e2-4385-ad93-1430f83bde83/),Malicious,2023-07-31
[BS_HWMIo64.sys](drivers/d158321b-4d56-49c5-9a18-bcff9f4a2ebe/),[60c6f4f34c7319cb3f9ca682e59d92711a05a2688badbae4891b1303cd384813](drivers/d158321b-4d56-49c5-9a18-bcff9f4a2ebe/),Vulnerable driver,2023-01-09
[t3.sys](drivers/31a962ce-43ef-410f-873a-7ccc8f00332b/),[4cff6e53430b81ecc4fae453e59a0353bcfe73dd5780abfc35f299c16a97998e](drivers/31a962ce-43ef-410f-873a-7ccc8f00332b/),Vulnerable driver,2023-01-09
[ACE-BASE.sys](drivers/ff77b58d-e143-4f61-92de-c0d9bc0af7d5/),[7326aefff9ea3a32286b423a62baebe33b73251348666c1ee569afe62dd60e11](drivers/ff77b58d-e143-4f61-92de-c0d9bc0af7d5/),Vulnerable driver,2024-02-22
[filwfp.sys](drivers/9d4358c3-5d6e-48a0-971e-e2ad7724c106/),[490cfbb540dcd70b7bff4fdd62e7ed7400bbfebaf5083523d49f7184670f7b9a](drivers/9d4358c3-5d6e-48a0-971e-e2ad7724c106/),Vulnerable driver,2024-06-20
[Mhyprot2.sys](drivers/57354c82-ff9c-4a54-8377-d195e4ff0a26/),[0c512b615eac374d4d494e3c36838d8e788b3dc2691bf27916f7f42694b14467](drivers/57354c82-ff9c-4a54-8377-d195e4ff0a26/),Vulnerable driver,2023-01-09
[WinIo64B.sys](drivers/457f8b21-202a-4a3d-a18d-b4aaded9ef02/),not available ,Vulnerable driver,2023-01-09
[WYProxy64.sys](drivers/f93e88c2-d0e8-4347-869f-efa568955e9d/),[fafa1bb36f0ac34b762a10e9f327dcab2152a6d0b16a19697362d49a31e7f566](drivers/f93e88c2-d0e8-4347-869f-efa568955e9d/),Vulnerable driver,2023-01-09
[mhyprotect.sys](drivers/7abc873d-9c28-44c2-8f60-701a8e26af29/),[edeb35e4341034b2de389017c4884b081a821f34349a620897a2a845c84cb09e](drivers/7abc873d-9c28-44c2-8f60-701a8e26af29/),Vulnerable drivers,2023-07-22
[81.sys](drivers/4137ecf0-05e7-463a-94da-47b7259d4433/),not available ,Vulnerable driver,2023-01-09
[RwDrv.sys](drivers/b03798af-d25a-400b-9236-4643a802846f/),[1e0eb0811a7cf1bdaf29d3d2cab373ca51eb8d8b58889ab7728e2d3aed244abe](drivers/b03798af-d25a-400b-9236-4643a802846f/),Vulnerable driver,2023-05-06
[driver_312c83a9.sys](drivers/495f0f36-c5e0-467d-8115-b5bdbe7ff686/),[312c83a99928c30c1fc55a0a1e7571a63b0e04391abe3392115bb3b7e3f60f47](drivers/495f0f36-c5e0-467d-8115-b5bdbe7ff686/),Malicious,2024-09-10
[truesight.sys](drivers/e0e93453-1007-4799-ad02-9b461b7e0398/),[bfc2ef3b404294fe2fa05a8b71c7f786b58519175b7202a69fe30f45e607ff1c](drivers/e0e93453-1007-4799-ad02-9b461b7e0398/),Vulnerable driver,2023-11-10
[mhyprot3.sys](drivers/2aa003cd-5f36-46a6-ae3d-f5afc2c8baa3/),[475e5016c9c0f5a127896f9179a1b1577a67b357f399ab5a1e68aab07134729a](drivers/2aa003cd-5f36-46a6-ae3d-f5afc2c8baa3/),Vulnerable driver,2023-01-09
[wfshbr64.sys](drivers/ddf661c0-7dfc-4c26-89c5-00cd6a81a139/),[b8807e365be2813b7eccd2e4c49afb0d1e131086715638b7a6307cd7d7e9556c](drivers/ddf661c0-7dfc-4c26-89c5-00cd6a81a139/),Malicious,2023-06-05
[WinIo64C.sys](drivers/1ed9d02f-17cf-43dd-9645-a54452468a5e/),not available ,Vulnerable driver,2023-01-09
[DirectIo.sys](drivers/62e2a967-1f03-4225-a325-122b109208f3/),[2b186926ed815d87eaf72759a69095a11274f5d13c33b8cc2b8700a1f020be1d](drivers/62e2a967-1f03-4225-a325-122b109208f3/),Vulnerable driver,2023-05-06
[cg6kwin2k.sys](drivers/fda3ff67-12dc-488c-a4c2-603f5bf420bd/),[223f61c3f443c5047d1aeb905b0551005a426f084b7a50384905e7e4ecb761a1](drivers/fda3ff67-12dc-488c-a4c2-603f5bf420bd/),Vulnerable driver,2023-11-02
[1.sys](drivers/a5792a63-ba77-44ac-bd4a-134b24b01033/),[64f9e664bc6d4b8f5f68616dd50ae819c3e60452efd5e589d6604b9356841b57](drivers/a5792a63-ba77-44ac-bd4a-134b24b01033/),Vulnerable driver,2023-01-09
[daxin_blank.sys](drivers/7e80423f-8b30-4ee2-b904-9f5421826a8c/),[49c827cf48efb122a9d6fd87b426482b7496ccd4a2dbca31ebbf6b2b80c98530](drivers/7e80423f-8b30-4ee2-b904-9f5421826a8c/),Malicious,2023-02-28
[Dh_Kernel_10.sys](drivers/dfce8b0f-d857-4808-80ef-61273c7a4183/),[80cbba9f404df3e642f22c476664d63d7c229d45d34f5cd0e19c65eb41becec3](drivers/dfce8b0f-d857-4808-80ef-61273c7a4183/),Vulnerable driver,2023-01-09
[driver_d9f15d91.sys](drivers/576bb95a-f15e-4a0d-bcee-08791e1504e2/),[d9f15d91397d1c8d01b6d6871c4f18f3a85ca85f091a92f4e9221524344ca5fe](drivers/576bb95a-f15e-4a0d-bcee-08791e1504e2/),Malicious,2024-09-10
[TestBone.sys](drivers/be4843ef-a2a8-4a0d-91c6-42e165800bb0/),[0de4247e72d378713bcf22d5c5d3874d079203bb4364e25f67a90d5570bdcce8](drivers/be4843ef-a2a8-4a0d-91c6-42e165800bb0/),Vulnerable driver,2023-01-09
[kprocesshacker.sys](drivers/edd29861-6984-4dbe-8e7c-22e9b6cf68d0/),[c725919e6357126d512c638f993cf572112f323da359645e4088f789eb4c7b8c](drivers/edd29861-6984-4dbe-8e7c-22e9b6cf68d0/),Vulnerable driver,2023-01-09
[BlackBoneDrv10.sys](drivers/722772ee-a461-48ec-933d-f3df1578963e/),[f51bdb0ad924178131c21e39a8ccd191e46b5512b0f2e1cc8486f63e84e5d960](drivers/722772ee-a461-48ec-933d-f3df1578963e/),Vulnerable driver,2023-01-09
[TfSysMon.sys](drivers/bd9f084e-b235-4978-bf2a-5f1dc02937df/),[1c1a4ca2cbac9fe5954763a20aeb82da9b10d028824f42fff071503dcbe15856](drivers/bd9f084e-b235-4978-bf2a-5f1dc02937df/),Vulnerable driver,2024-08-15
[telephonuAfY.sys](drivers/0d039ee9-aaa5-49c2-a980-405d4290ee0a/),[87565ff08a93a8ff41ea932bf55dec8e0c7e79aba036507ea45df9d81cb36105](drivers/0d039ee9-aaa5-49c2-a980-405d4290ee0a/),Malicious,2023-07-11
[nstrwsk.sys](drivers/e9b099f6-8a12-46f0-a540-40e88cf0ce17/),[3390919bb28d5c36cc348f9ef23be5fa49bfd81263eb7740826e4437cbe904cd](drivers/e9b099f6-8a12-46f0-a540-40e88cf0ce17/),Vulnerable driver,2023-01-09
[cpuz_x64.sys](drivers/de003542-80e1-4aa0-9b99-ed8647a93a6e/),[3871e16758a1778907667f78589359734f7f62f9dc953ec558946dcdbe6951e3](drivers/de003542-80e1-4aa0-9b99-ed8647a93a6e/),Vulnerable driver,2023-01-09
[directio.sys](drivers/a2c3f6e9-25a5-4b75-8c6b-ad2d4e155822/),[e6a7a497010579fde69cd52bed8de28db610c33bbc5ce0774459dcf64657b802](drivers/a2c3f6e9-25a5-4b75-8c6b-ad2d4e155822/),Vulnerable drivers,2023-07-22
[AsrSmartConnectDrv.sys](drivers/57f63efb-dc43-4dba-9413-173e3e4be750/),[47f08f7d30d824a8f4bb8a98916401a37c0fd8502db308aba91fe3112b892dcc](drivers/57f63efb-dc43-4dba-9413-173e3e4be750/),Vulnerable driver,2023-01-09
[wsdkd.sys](drivers/a8f2da2a-369c-4b4d-9a00-d7a892b9f7c3/),[6278bc785113831b2ec3368e2c9c9e89e8aca49085a59d8d38dac651471d6440](drivers/a8f2da2a-369c-4b4d-9a00-d7a892b9f7c3/),Vulnerable driver,2023-09-12
[7.sys](drivers/f7f88ef4-ada4-4210-a40d-9d84142ef0fb/),[6839fcae985774427c65fe38e773aa96ec451a412caa5354ad9e2b9b54ffe6c1](drivers/f7f88ef4-ada4-4210-a40d-9d84142ef0fb/),Malicious,2023-03-04
[nvflsh64.sys](drivers/d4664202-d1b9-44d4-97cc-fee2150082db/),[a899b659b08fbae30b182443be8ffb6a6471c1d0497b52293061754886a937a3](drivers/d4664202-d1b9-44d4-97cc-fee2150082db/),Vulnerable driver,2023-01-09
[Blackbone.sys](drivers/b9b835bd-b720-424b-9160-2442bc4d6e58/),[0856a1da15b2b3e8999bf9fc51bbdedd4051e21fab1302e2ce766180b4931d86](drivers/b9b835bd-b720-424b-9160-2442bc4d6e58/),Vulnerable drivers,2023-07-22
[vmdrv.sys](drivers/fdf4f85b-47f4-4c98-a0d5-a6583463f565/),[32cccc4f249499061c0afa18f534c825d01034a1f6815f5506bf4c4ff55d1351](drivers/fdf4f85b-47f4-4c98-a0d5-a6583463f565/),Vulnerable driver,2023-01-09
[phymem64.sys](drivers/47fe1aaf-02cd-4a41-8bf5-0047015a2a6e/),[1963d5a0e512b72353953aadbe694f73a9a576f0241a988378fa40bf574eda52](drivers/47fe1aaf-02cd-4a41-8bf5-0047015a2a6e/),Vulnerable driver,2023-01-09
[AccelLid.sys](drivers/d9e9fab2-6b64-4c14-b1ec-7af1923c0773/),not available ,Vulnerable,2024-09-11
[fd3b7234419fafc9bdd533f48896ed73_b816c5cd.sys](drivers/c7f76931-e24c-4d94-9e1f-5a083da581b4/),[274340f7185a0cc047d82ecfb2cce5bd18764ee558b5227894565c2f9fe9f6ab](drivers/c7f76931-e24c-4d94-9e1f-5a083da581b4/),Vulnerable driver,2023-07-25
[nvoclock.sys](drivers/3d7da79b-fe34-45cd-a0c9-d4432d40611c/),[060d25126e45309414b380ee29f900840b689eae4217a8e621563f130c1d457f](drivers/3d7da79b-fe34-45cd-a0c9-d4432d40611c/),Vulnerable driver,2023-11-02
[wantd.sys](drivers/892292f9-b87c-40a5-80e5-8c9b02914e8b/),[06a0ec9a316eb89cb041b1907918e3ad3b03842ec65f004f6fa74d57955573a4](drivers/892292f9-b87c-40a5-80e5-8c9b02914e8b/),Malicious,2023-02-28
[driver_668c5bea.sys](drivers/04eefdf4-448d-45bb-87fc-93f263fc77f4/),[668c5bead3c7fcd919afd742ede7e5fe07972dc4cf730ff37deabdd22d88de4a](drivers/04eefdf4-448d-45bb-87fc-93f263fc77f4/),Malicious,2024-09-10
[AMDPowerProfiler.sys](drivers/9a4fb66e-9084-4b21-9d76-a7afbe330606/),[0af5ccb3d33a9ba92071c9637be6254030d61998733a5eb3583e865e17844e05](drivers/9a4fb66e-9084-4b21-9d76-a7afbe330606/),Vulnerable driver,2023-01-09
[bwrsh.sys](drivers/974de971-1f78-47b9-8049-6c34f294acd5/),[37dde6bd8a7a36111c3ac57e0ac20bbb93ce3374d0852bcacc9a2c8c8c30079e](drivers/974de971-1f78-47b9-8049-6c34f294acd5/),Vulnerable driver,2023-01-09
[capcom.sys](drivers/b51c441a-12c7-407d-9517-559cc0030cf6/),[da6ca1fb539f825ca0f012ed6976baf57ef9c70143b7a1e88b4650bf7a925e24](drivers/b51c441a-12c7-407d-9517-559cc0030cf6/),Vulnerable driver,2023-01-09
[driver_099ef491.sys](drivers/2ba1bccf-d8d7-464a-9ae1-41371c55e5e8/),[099ef4915d7899be543d891b48960c1d1604c55468c1377a6f71ce0e1a33c946](drivers/2ba1bccf-d8d7-464a-9ae1-41371c55e5e8/),Malicious,2024-09-10
[sfdrvx32.sys](drivers/6c0c60f0-895d-428a-a8ae-e10390bceb12/),[1e94d4e6d903e98f60c240dc841dcace5f9e8bbb0802e6648a49ab80c23318cb](drivers/6c0c60f0-895d-428a-a8ae-e10390bceb12/),Vulnerable drivers,2023-07-22
[iobitunlocker.sys](drivers/e368efc7-cf69-47ae-8204-f69dac000b22/),[7a1feb8649a5c0679e1073e6d8a02c8a6ebc5825f02999f16c9459284f1b198b](drivers/e368efc7-cf69-47ae-8204-f69dac000b22/),Vulnerable drivers,2023-07-22
[stdcdrvws64.sys](drivers/dc3fdbd3-601a-4d2a-bf34-d2e84c6ff1d3/),[70afdc0e11db840d5367afe53c35d9642c1cf616c7832ab283781d085988e505](drivers/dc3fdbd3-601a-4d2a-bf34-d2e84c6ff1d3/),Vulnerable driver,2023-11-02
[VBoxTAP.sys](drivers/f22e7230-5f32-4c4e-bc9d-9076ebf10baa/),[994f322def98c99aec7ea0036ef5f4b802120458782ae3867d116d55215c56e4](drivers/f22e7230-5f32-4c4e-bc9d-9076ebf10baa/),Vulnerable drivers,2023-07-22
[GEDevDrv.SYS](drivers/e769d1f6-8a38-426f-b5e7-447241204ee1/),[51145a3fa8258aac106f65f34159d23c54b48b6d54ec0421748b3939ab6778eb](drivers/e769d1f6-8a38-426f-b5e7-447241204ee1/),Vulnerable driver,2023-11-02
[FH-EtherCAT_DIO.sys](drivers/f16f82de-1ad0-47d8-a869-2c10ed25d9f1/),[8001d7161d662a6f4afb4d17823144e042fd24696d8904380d48065209f28258](drivers/f16f82de-1ad0-47d8-a869-2c10ed25d9f1/),Vulnerable driver,2023-11-02
[ndislan.sys](drivers/ca1e8664-841f-4e4b-9e67-3f515cc249c6/),[b0eb4d999e4e0e7c2e33ff081e847c87b49940eb24a9e0794c6aa9516832c427](drivers/ca1e8664-841f-4e4b-9e67-3f515cc249c6/),Malicious,2023-02-28
[winio64.sys](drivers/1ff757df-9a40-4f78-a28a-64830440abf7/),[15fb486b6b8c2a2f1b067f48fba10c2f164638fe5e6cee618fb84463578ecac9](drivers/1ff757df-9a40-4f78-a28a-64830440abf7/),Vulnerable driver,2023-05-06
[AODDriver.sys](drivers/a3c52cbe-90ca-432c-9520-761b60e7d9cb/),[070ff602cccaaef9e2b094e03983fd7f1bf0c0326612eb76593eabbf1bda9103](drivers/a3c52cbe-90ca-432c-9520-761b60e7d9cb/),Vulnerable driver,2023-11-02
[tfbfs3ped.sys](drivers/500e07cb-77c6-4e83-ae3f-73f70f1c10b5/),[0897935ff2e0e7cc23a036ec0791d587b4799a299c8d6d65f364a8bdff645760](drivers/500e07cb-77c6-4e83-ae3f-73f70f1c10b5/),Vulnerable drivers,2023-07-22
[DcProtect.sys](drivers/7cee2ce8-7881-4a9a-bb18-61587c95f4a2/),[b2247e68386c1bdfd48687105c3728ebbad672daffa91b57845b4e49693ffd71](drivers/7cee2ce8-7881-4a9a-bb18-61587c95f4a2/),Vulnerable driver,2023-11-30
[PCHunter.sys](drivers/a261cd64-0d04-4bf5-ad73-f3bb96bf83cf/),[1b7fb154a7b7903a3c81f12f4b094f24a3c60a6a8cffca894c67c264ab7545fa](drivers/a261cd64-0d04-4bf5-ad73-f3bb96bf83cf/),Vulnerable driver,2023-01-09
[mhyprotrpg.Sys](drivers/ebdde780-e142-44e7-a998-504c516f4695/),[f7d72d22cd4ad3e44fd617bdb4c90b9a884f4eb045688c0e3fb64dd33e033eaa](drivers/ebdde780-e142-44e7-a998-504c516f4695/),Vulnerable drivers,2023-07-22
[AsrDrv103.sys](drivers/32ccd436-eb13-4ab3-83d4-3e5471f4e364/),[2003b478b9fd1b3d76ec5bf4172c2e8915babbbee7ad1783794acbf8d4c2519d](drivers/32ccd436-eb13-4ab3-83d4-3e5471f4e364/),Vulnerable driver,2023-01-09
[driver_c3d48ddd.sys](drivers/f6c08b8a-1d25-4bf1-9d4f-5368c1f6cfe7/),[c3d48dddef790a45ef9feaa5978ec90c9cd4b2de4746896c446ffa08d488170a](drivers/f6c08b8a-1d25-4bf1-9d4f-5368c1f6cfe7/),Malicious,2024-09-10
[netfilterdrv.sys](drivers/f1dcb0e4-aa53-4e62-ab09-fb7b4a356916/),not available ,Vulnerable driver,2023-01-09
[windbg.sys](drivers/9c3c6e89-3916-498f-81e5-da057ab3ed42/),[e1cb86386757b947b39086cc8639da988f6e8018ca9995dd669bdc03c8d39d7d](drivers/9c3c6e89-3916-498f-81e5-da057ab3ed42/),Malicious,2023-04-22
[malicious.sys](drivers/3e5c0fc4-bfe8-4af2-9613-4f56b0e3c2c8/),[23e89fd30a1c7db37f3ea81b779ce9acf8a4294397cbb54cff350d54afcfd931](drivers/3e5c0fc4-bfe8-4af2-9613-4f56b0e3c2c8/),Malicious,2023-06-05
[viragt64.sys](drivers/7edb5602-239f-460a-89d6-363ff1059765/),[18deed37f60b6aa8634dda2565a0485452487d7bce88afb49301a7352db4e506](drivers/7edb5602-239f-460a-89d6-363ff1059765/),Vulnerable driver,2023-05-06
[driver_fdd16a94.sys](drivers/da066835-f37c-40bf-86bb-d77ad45c7f30/),[fdd16a94a71644a8bb52c4e0fbfecb93f04cfe37bd91bac599cf9abfb822762f](drivers/da066835-f37c-40bf-86bb-d77ad45c7f30/),Malicious,2024-09-10
[directio64.sys](drivers/a254e684-f6eb-40c4-a50a-7b76feb6cc02/),[d84e3e250a86227c64a96f6d5ac2b447674ba93d399160850acb2339da43eae5](drivers/a254e684-f6eb-40c4-a50a-7b76feb6cc02/),Vulnerable drivers,2023-07-22
[gametersafe.sys](drivers/1ab1ec8c-1231-4ba4-8804-4a2cda103bb8/),[e2ec3b2a93c473d88bfdf2deb1969d15ab61737acc1ee8e08234bc5513ee87ea](drivers/1ab1ec8c-1231-4ba4-8804-4a2cda103bb8/),Vulnerable drivers,2023-07-22
[NodeDriver.sys](drivers/7a5fe570-3b35-4fad-b7d6-7518bd5436a0/),[05b146a48a69dd62a02759487e769bd30d39f16374bc76c86453b4ae59e7ffa4](drivers/7a5fe570-3b35-4fad-b7d6-7518bd5436a0/),Malicious,2023-03-02
[bs_hwmio64.sys](drivers/9c4e2e75-a8be-4d2f-b016-e2a98281c8ec/),[6dafd15ee2fbce87fef1279312660fc399c4168f55b6e6d463bf680f1979adcf](drivers/9c4e2e75-a8be-4d2f-b016-e2a98281c8ec/),Vulnerable drivers,2023-07-22
[libnicm.sys](drivers/a0fbd397-64d5-4af2-844b-b096e08a1866/),[ab0925398f3fa69a67eacee2bbb7b34ac395bb309df7fc7a9a9b8103ef41ed7a](drivers/a0fbd397-64d5-4af2-844b-b096e08a1866/),Vulnerable driver,2023-05-06
[TmComm.sys](drivers/22aa985b-5fdb-4e38-9382-a496220c27ec/),[cc687fe3741bbde1dd142eac0ef59fd1d4457daee43cdde23bb162ef28d04e64](drivers/22aa985b-5fdb-4e38-9382-a496220c27ec/),Vulnerable driver,2023-01-09
[ecsiodriverx64.sys](drivers/0f749d4e-145e-4b8e-bea6-47003d228043/),[270547552060c6f4f5b2ebd57a636d5e71d5f8a9d4305c2b0fe5db0aa2f389cc](drivers/0f749d4e-145e-4b8e-bea6-47003d228043/),Vulnerable driver,2023-11-02
[1fc7aeeff3ab19004d2e53eae8160ab1.sys](drivers/aaf8ce1a-e11b-4929-96e0-5ec0666cef2c/),[8922be14c657e603179f1dd94dc32de7c99d2268ac92d429c4fdda7396c32e50](drivers/aaf8ce1a-e11b-4929-96e0-5ec0666cef2c/),Malicious,2023-07-31
[jnprva.sys](drivers/c44e6197-efab-49d2-8a5f-04ae4a0f0ea0/),[8dbc28fefb8cf9377be55a7c6062988df5a24f0ff475f6dd65cf07fe5173f51d](drivers/c44e6197-efab-49d2-8a5f-04ae4a0f0ea0/),Vulnerable,2024-09-11
[wantd_2.sys](drivers/aa687f89-4f3b-4b59-b64e-fee5e2ae2310/),[6908ebf52eb19c6719a0b508d1e2128f198d10441551cbfb9f4031d382f5229f](drivers/aa687f89-4f3b-4b59-b64e-fee5e2ae2310/),Malicious,2023-02-28
[fgme.sys](drivers/d3111e83-52eb-4a8c-817d-761ea72d37e2/),not available ,Malicious,2023-06-05
[CSC.sys](drivers/1c92e1bf-103b-4545-b242-e5a9858ec9c8/),[828c54cfecb2a08863319544ac716aee3898dfe78a87d7757a0e92f1b1f1daf1](drivers/1c92e1bf-103b-4545-b242-e5a9858ec9c8/),Vulnerable driver,2024-08-21
[ktgn.sys](drivers/3ea63674-2599-43b5-9390-4a929ec99f48/),not available ,Malicious,2023-06-05
[driver_82d928c5.sys](drivers/af8ef3c0-8686-4112-992b-86587a4a9060/),[82d928c586159342837cb457f45619f49db38bb91631a82e4f1b373fb994cd73](drivers/af8ef3c0-8686-4112-992b-86587a4a9060/),Malicious,2024-09-10
[phydmaccx64.sys](drivers/96c8fe71-3acc-41bc-9402-ebd69a961d74/),[f7b3112b9745b766c8359d25e315975d3159935a8ddb3e3035d21ed124a9013f](drivers/96c8fe71-3acc-41bc-9402-ebd69a961d74/),Vulnerable drivers,2023-07-22
[b3.sys](drivers/adfb015a-f453-4b9e-a247-50f146209eb0/),[708016fbe22c813a251098f8f992b177b476bd1bbc48c2ed4a122ff74910a965](drivers/adfb015a-f453-4b9e-a247-50f146209eb0/),Vulnerable driver,2023-01-09
[driver7-x86.sys](drivers/670dc258-78b5-4552-a16b-b41917c86f8d/),[42851a01469ba97cdc38939b10cf9ea13237aa1f6c37b1ac84904c5a12a81fa0](drivers/670dc258-78b5-4552-a16b-b41917c86f8d/),Vulnerable driver,2023-01-09
[tdeio64.sys](drivers/4f47c65e-2e73-4855-813a-5a823ae845a8/),[1076504a145810dfe331324007569b95d0310ac1e08951077ac3baf668b2a486](drivers/4f47c65e-2e73-4855-813a-5a823ae845a8/),Vulnerable driver,2023-11-02
[VProEventMonitor.sys](drivers/4db827b1-325b-444d-9f23-171285a4d12f/),[7877c1b0e7429453b750218ca491c2825dae684ad9616642eff7b41715c70aca](drivers/4db827b1-325b-444d-9f23-171285a4d12f/),Vulnerable driver,2023-01-09
[echo_driver.sys](drivers/afb8bb46-1d13-407d-9866-1daa7c82ca63/),[ea3c5569405ed02ec24298534a983bcb5de113c18bc3fd01a4dd0b5839cd17b9](drivers/afb8bb46-1d13-407d-9866-1daa7c82ca63/),Vulnerable driver,2023-07-14
[ntbios.sys](drivers/eef1fcf4-8c54-420b-8d38-9c5f95129dcc/),[96bf3ee7c6673b69c6aa173bb44e21fa636b1c2c73f4356a7599c121284a51cc](drivers/eef1fcf4-8c54-420b-8d38-9c5f95129dcc/),Malicious,2023-02-28
[Chaos-Rootkit.sys](drivers/abcd2c10-1078-4cf9-b320-04ca38d22f98/),[0ae8d1dd56a8a000ced74a627052933d2e9bff31d251de185b3c0c5fc94a44db](drivers/abcd2c10-1078-4cf9-b320-04ca38d22f98/),Vulnerable driver,2023-06-05
[driver_bfcbc010.sys](drivers/dbfcce10-76a3-44a4-a9b8-d7126152a235/),[bfcbc010432a89714349bd487555cec1ab5299a70f533a16d326a69e15e0c203](drivers/dbfcce10-76a3-44a4-a9b8-d7126152a235/),Malicious,2024-09-10
[piddrv64.sys](drivers/aaa92ef1-5728-4e15-9fca-b054b02f0fb0/),[b03f26009de2e8eabfcf6152f49b02a55c5e5d0f73e01d48f5a745f93ce93a29](drivers/aaa92ef1-5728-4e15-9fca-b054b02f0fb0/),Vulnerable driver,2023-01-09
[EneIo64.sys](drivers/9b65dba4-81a0-48cc-8ff0-a4f353881062/),[9fc29480407e5179aa8ea41682409b4ea33f1a42026277613d6484e5419de374](drivers/9b65dba4-81a0-48cc-8ff0-a4f353881062/),Vulnerable driver,2023-01-09
[nscm.sys](drivers/90afa27c-0f67-46a6-b4a9-809f55157c71/),[28999af32b55ddb7dcfc26376a244aa2fe297233ce7abe4919a1aef2f7e2cee7](drivers/90afa27c-0f67-46a6-b4a9-809f55157c71/),Vulnerable driver,2023-05-06
[smep_namco.sys](drivers/cce291c8-4534-4362-af45-5f45cd32bd92/),[7ec93f34eb323823eb199fbf8d06219086d517d0e8f4b9e348d7afd41ec9fd5d](drivers/cce291c8-4534-4362-af45-5f45cd32bd92/),Vulnerable driver,2023-01-09
[WiRwaDrv.sys](drivers/a4795ab6-d908-44cf-9ebf-a47db367d385/),[d8fc8e3a1348393c5d7c3a84bcbae383d85a4721a751ad7afac5428e5e579b4e](drivers/a4795ab6-d908-44cf-9ebf-a47db367d385/),Vulnerable driver,2023-11-02
[ALSysIO64.sys](drivers/4d365dd0-34c3-492e-a2bd-c16266796ae5/),[7a20ca8f9361eb892257b3693095ffeee61457dc4e22d9b119e3a9f3a1507069](drivers/4d365dd0-34c3-492e-a2bd-c16266796ae5/),Vulnerable driver,2023-01-09
[CorsairLLAccess64.sys](drivers/ff74f03e-e4ce-4242-bfe3-60601056bb34/),[000547560fea0dd4b477eb28bf781ea67bf83c748945ce8923f90fdd14eb7a4b](drivers/ff74f03e-e4ce-4242-bfe3-60601056bb34/),Vulnerable driver,2023-01-09
[Black.sys](drivers/4b047bb8-c605-4664-baed-25bb70e864a1/),[d5562fb90b0b3deb633ab335bcbd82ce10953466a428b3f27cb5b226b453eaf3](drivers/4b047bb8-c605-4664-baed-25bb70e864a1/),Vulnerable driver,2023-01-09
[LHA.sys](drivers/eb07ef7e-0402-48eb-8e06-8fb76eda5b84/),[23ba19352b1e71a965260bf4d5120f0200709ee8657ed381043bec9a938a1ade](drivers/eb07ef7e-0402-48eb-8e06-8fb76eda5b84/),Vulnerable driver,2023-05-06
[ni.sys](drivers/4f93e19c-4600-4e2e-943f-a986875fd7d2/),[ae79e760c739d6214c1e314728a78a6cb6060cce206fde2440a69735d639a0a2](drivers/4f93e19c-4600-4e2e-943f-a986875fd7d2/),Vulnerable driver,2023-01-09
[asio.sys](drivers/2651f5c4-d9e1-4b06-92be-e9e7313f87c4/),[0ee5067ce48883701824c5b1ad91695998916a3702cf8086962fbe58af74b2d6](drivers/2651f5c4-d9e1-4b06-92be-e9e7313f87c4/),Vulnerable driver,2023-01-09
[mlgbbiicaihflrnh.sys](drivers/b074dcb5-b278-4434-bdd9-14a055d724f3/),[7433f14b40c674c5e87b6210c330d5bcaf2f6f52d632ae29e9b7cf3ca405665b](drivers/b074dcb5-b278-4434-bdd9-14a055d724f3/),Malicious,2023-07-22
[80.sys](drivers/2cc3dd4f-8a1e-4f1f-9871-0a14815949b4/),not available ,Vulnerable driver,2023-01-09
[daxin_blank1.sys](drivers/1bf3b155-752a-4cc7-beb0-f202e525eb1a/),[5bc3994612624da168750455b363f2964e1861dba4f1c305df01b970ac02a7ae](drivers/1bf3b155-752a-4cc7-beb0-f202e525eb1a/),Malicious,2023-02-28
[xjokercontroller.sys](drivers/b3fd8560-79d3-40b7-b05f-c78044176c8c/),[19dba69b48b085d9487cc23a4135f3ef4849c181965bffc55baed9fa6c205429](drivers/b3fd8560-79d3-40b7-b05f-c78044176c8c/),Vulnerable drivers,2023-07-22
[KApcHelper_x64.sys](drivers/5261cacf-380c-4573-85ff-a643cbdf009a/),[d7c81b0f3c14844f6424e8bdd31a128e773cb96cccef6d05cbff473f0ccb9f9c](drivers/5261cacf-380c-4573-85ff-a643cbdf009a/),Malicious,2023-05-06
[ViveRRAudio.sys](drivers/4cb95b41-43b4-4806-b536-ae5fd8c76b0e/),[9d5e8700a434838eb63a0573178b4291f07a9d96dabfb4ead40253a3cd9edefd](drivers/4cb95b41-43b4-4806-b536-ae5fd8c76b0e/),Vulnerable,2024-09-11
[ngiodriver.sys](drivers/b8339454-0e84-4a5b-92d0-6a626ced6677/),[1072beb3ff6b191b3df1a339e3a8c87a8dc5eae727f2b993ea51b448e837636a](drivers/b8339454-0e84-4a5b-92d0-6a626ced6677/),Vulnerable driver,2023-11-02
[WinIO32.sys](drivers/0f6c3a28-4d04-474b-a098-37383f984686/),not available ,Vulnerable driver,2023-01-09
[FPCIE2COM.sys](drivers/9543c507-9b10-4de8-89b9-42a4f24c99ec/),[17942865680bd3d6e6633c90cc4bd692ae0951a8589dbe103c1e293b3067344d](drivers/9543c507-9b10-4de8-89b9-42a4f24c99ec/),Vulnerable driver,2023-11-02
[be6318413160e589080df02bb3ca6e6a.sys](drivers/a9ab4412-d484-459b-be97-5975f5ab8094/),[bed4285d0f8d18f17ddaa53a98a475c87c04c4d167499e24c770da788e5d45f4](drivers/a9ab4412-d484-459b-be97-5975f5ab8094/),Malicious,2023-07-31
[NCHGBIOS2x64.SYS](drivers/d2806397-9ceb-47c8-b5f3-3aabec182ff5/),[314384b40626800b1cde6fbc51ebc7d13e91398be2688c2a58354aa08d00b073](drivers/d2806397-9ceb-47c8-b5f3-3aabec182ff5/),Vulnerable driver,2023-01-09
[CITMDRV_AMD64.sys](drivers/f3215c19-8053-458c-81a5-90a74c5d2e6d/),[29e0062a017a93b2f2f5207a608a96df4d554c5de976bd0276c2590a03bd3e94](drivers/f3215c19-8053-458c-81a5-90a74c5d2e6d/),Vulnerable driver,2023-01-09
[avkiller.sys](drivers/7a9d34e4-c660-4388-ab61-4fd6f6bf1ad4/),[b6cb163089f665c05d607a465f1b6272cdd5c949772ab9ce7227120cf61f971a](drivers/7a9d34e4-c660-4388-ab61-4fd6f6bf1ad4/),Malicious,2024-09-10
[AsrDrv102.sys](drivers/5af9abf0-d8de-4e9b-8141-e9e97a31901a/),[a7c2e7910942dd5e43e2f4eb159bcd2b4e71366e34a68109548b9fb12ac0f7cc](drivers/5af9abf0-d8de-4e9b-8141-e9e97a31901a/),Vulnerable driver,2023-01-09
[daxin_blank6.sys](drivers/3d1439e9-9a7d-497a-8c6c-74513f825d6a/),[e6a7b0bc01a627a7d0ffb07faddb3a4dd96b6f5208ac26107bdaeb3ab1ec8217](drivers/3d1439e9-9a7d-497a-8c6c-74513f825d6a/),Malicious,2023-02-28
[gmer64.sys](drivers/7ce8fb06-46eb-4f4f-90d5-5518a6561f15/),[18c909a2b8c5e16821d6ef908f56881aa0ecceeaccb5fa1e54995935fcfd12f7](drivers/7ce8fb06-46eb-4f4f-90d5-5518a6561f15/),Malicious,2023-05-22
[Sense5Ext.sys](drivers/70acea34-7ed2-42d5-885c-eca3c2de640c/),[7f4555a940ce1156c9bcea9a2a0b801f9a5e44ec9400b61b14a7b1a6404ffdf6](drivers/70acea34-7ed2-42d5-885c-eca3c2de640c/),Malicious,2023-03-04
[speedfan.sys](drivers/137daca4-0d7b-48aa-8574-f7eb6ad02526/),[22be050955347661685a4343c51f11c7811674e030386d2264cd12ecbf544b7c](drivers/137daca4-0d7b-48aa-8574-f7eb6ad02526/),Vulnerable driver,2023-01-09
[RadHwMgr.sys](drivers/7bb4d807-9a66-48ff-9fb7-82780f3b015e/),[00c3e86952eebb113d91d118629077b3370ebc41eeacb419762d2de30a43c09c](drivers/7bb4d807-9a66-48ff-9fb7-82780f3b015e/),Vulnerable driver,2023-11-02
[driver7-x86-withoutdbg.sys](drivers/d9f2c3d6-160c-4eb3-8547-894fcf810342/),[927c2a580d51a598177fa54c65e9d2610f5f212f1b6cb2fbf2740b64368f010a](drivers/d9f2c3d6-160c-4eb3-8547-894fcf810342/),Vulnerable driver,2023-01-09
[VBoxUSB.Sys](drivers/70fa8606-c147-4c40-8b7a-980290075327/),[c509935f3812ad9b363754216561e0a529fc2d5b8e86bfa7302b8d149b7d04aa](drivers/70fa8606-c147-4c40-8b7a-980290075327/),Vulnerable drivers,2023-07-22
[driver_930da474.sys](drivers/4c4e7664-af86-4483-858a-f59346f3d304/),[930da474a6d1be97b54f2c81e883e14d62897aa58622e5b040e412bd36cee0a7](drivers/4c4e7664-af86-4483-858a-f59346f3d304/),Malicious,2024-09-10
[szkg64.sys](drivers/375e8de3-aae4-488d-8273-66744978b45f/),[6bc0e1c104fac4a8caa4237c7ae181ca11a043a3ee26426aeb7a90dc40281fad](drivers/375e8de3-aae4-488d-8273-66744978b45f/),Vulnerable driver,2025-01-10
[windows7-32.sys](drivers/b45a3fdf-592a-4cd9-81e2-8fe03d554cad/),[4941c4298f4560fc1e59d0f16f84bab5c060793700b82be2fd7c63735f1657a8](drivers/b45a3fdf-592a-4cd9-81e2-8fe03d554cad/),Vulnerable driver,2023-01-09
[OpenLibSys.sys](drivers/2e4fedb0-30ed-400d-b4e1-b2b2004c1607/),[91314768da140999e682d2a290d48b78bb25a35525ea12c1b1f9634d14602b2c](drivers/2e4fedb0-30ed-400d-b4e1-b2b2004c1607/),Vulnerable driver,2023-01-09
[ADRMDRVSYS.sys](drivers/48aeea9b-7812-4b25-9835-baaebe7dc551/),[a1f79a2e1441970bb3e7c838f8c14a8f3d39a46b0ff9648614e922ac475c743d](drivers/48aeea9b-7812-4b25-9835-baaebe7dc551/),Vulnerable,2024-09-11
[MsIo64.sys](drivers/214654eb-90c4-48c8-a183-0157e50bf07f/),[0f035948848432bc243704041739e49b528f35c82a5be922d9e3b8a4c44398ff](drivers/214654eb-90c4-48c8-a183-0157e50bf07f/),Vulnerable driver,2023-05-06
[dcr.sys](drivers/b1dd91b1-9ba3-4d68-a2d1-919039e18430/),[3c6f9917418e991ed41540d8d882c8ca51d582a82fd01bff6cdf26591454faf5](drivers/b1dd91b1-9ba3-4d68-a2d1-919039e18430/),Vulnerable driver,2023-04-14
[EIO.sys](drivers/f654ad84-c61d-477c-a0b2-d153b927dfcc/),[b17507a3246020fa0052a172485d7b3567e0161747927f2edf27c40e310852e0](drivers/f654ad84-c61d-477c-a0b2-d153b927dfcc/),Vulnerable driver,2023-05-20
[kt2.sys](drivers/833fc08f-217d-4d3f-8c8e-782c61120407/),not available ,Malicious,2023-06-05
[kbdcap64.sys](drivers/6a7d882b-3d9d-4334-be5f-2e29c6bf9ff8/),[72b99147839bcfb062d29014ec09fe20a8f261748b5925b00171ef3cb849a4c1](drivers/6a7d882b-3d9d-4334-be5f-2e29c6bf9ff8/),Vulnerable driver,2023-01-09
[VBoxDrv.sys](drivers/79542852-3a0c-43bc-bfa3-3eeb0e1d7fd2/),[26f41e4268be59f5de07552b51fa52d18d88be94f8895eb4a16de0f3940cf712](drivers/79542852-3a0c-43bc-bfa3-3eeb0e1d7fd2/),Vulnerable driver,2023-05-06
[driver_e1123b59.sys](drivers/11a73c42-26aa-446b-8560-43eecb265091/),[e1123b59a801e243a64270d0c6ab1277e5e3afba9c19023807409f53c1b0204b](drivers/11a73c42-26aa-446b-8560-43eecb265091/),Malicious,2024-09-10
[atomicredteamcapcom.sys](drivers/a02e1801-f6fb-41c3-a782-05fdbed44a3c/),[33bdaf3ab141db0f4c6a2c1f9fb047b4e5c6fa6ddc709d905efdd24c2b43041c](drivers/a02e1801-f6fb-41c3-a782-05fdbed44a3c/),Vulnerable drivers,2023-07-22
[rwdrv.sys](drivers/fbdd993b-47b1-4448-8c41-24c310802398/),[ea0b9eecf4ad5ec8c14aec13de7d661e7615018b1a3c65464bf5eca9bbf6ded3](drivers/fbdd993b-47b1-4448-8c41-24c310802398/),Vulnerable driver,2023-01-09
[4118b86e490aed091b1a219dba45f332.sys](drivers/b32d8d7d-0dc2-4d09-a306-8efc4caf1839/),[0181d60506b1f3609217487c2c737621d637e1232f243f68c662d045f44d4873](drivers/b32d8d7d-0dc2-4d09-a306-8efc4caf1839/),Malicious,2023-07-31
[HwRwDrv.sys](drivers/e4609b54-cb25-4433-a75a-7a17f43cec00/),[21ccdd306b5183c00ecfd0475b3152e7d94b921e858e59b68a03e925d1715f21](drivers/e4609b54-cb25-4433-a75a-7a17f43cec00/),Vulnerable driver,2023-01-09
[mimidrv.sys](drivers/87752fb8-e9f6-4235-91e2-c4343677d817/),[200f98655d1f46d2599c2c8605ebb7e335fee3883a32135ca1a81e09819bc64a](drivers/87752fb8-e9f6-4235-91e2-c4343677d817/),Malicious,2023-05-22
[stdcdrv64.sys](drivers/f33c2e80-7b01-416b-821a-ed06db4b6511/),[37022838c4327e2a5805e8479330d8ff6f8cd3495079905e867811906c98ea20](drivers/f33c2e80-7b01-416b-821a-ed06db4b6511/),Vulnerable driver,2023-11-02
[BS_RCIOW1064.sys](drivers/39f427b6-aad3-4cb8-b363-9113a6d53b07/),[6191c20426dd9b131122fb97e45be64a4d6ce98cc583406f38473434636ddedc](drivers/39f427b6-aad3-4cb8-b363-9113a6d53b07/),Vulnerable driver,2023-05-06
[MSqPq.sys](drivers/8198f5af-4b40-4800-a22a-4a7cf957ef37/),[56066ed07bad3b5c1474e8fae5ee2543d17d7977369b34450bd0775517e3b25c](drivers/8198f5af-4b40-4800-a22a-4a7cf957ef37/),Malicious,2023-06-05
[NBIOLib_X64.sys](drivers/6fc3034f-8b40-44ef-807a-f61d3ea2dece/),[3f2fda9a7a9c57b7138687bbce49a2e156d6095dddabb3454ea09737e02c3fa5](drivers/6fc3034f-8b40-44ef-807a-f61d3ea2dece/),Vulnerable driver,2023-01-09
[driver_a6deeea6.sys](drivers/f694c0e1-b75d-4c41-acbd-a87b72d8abe4/),[a6deeea6607a7da9c8b4087d1424aac6dbbe70831e93c835b5a9e4a80ae59f28](drivers/f694c0e1-b75d-4c41-acbd-a87b72d8abe4/),Malicious,2024-09-10
[LgDataCatcher.sys](drivers/5961e133-ccc3-4530-8f4f-5d975c41028d/),[45b07a2f387e047a6bb0e59b7f22fb56182d57b50e84e386a38c2dbb7e773837](drivers/5961e133-ccc3-4530-8f4f-5d975c41028d/),Vulnerable drivers,2023-07-22
[atlAccess.sys](drivers/fb783760-cb3f-4cf4-b4ac-8edb756b9821/),[0b57569aaa0f4789d9642dd2189b0a82466b80ad32ff35f88127210ed105fe57](drivers/fb783760-cb3f-4cf4-b4ac-8edb756b9821/),Vulnerable driver,2023-11-02
[fidpcidrv.sys](drivers/e6338692-90e0-41b1-9481-a47e0df144ad/),not available ,Vulnerable driver,2023-01-09
[mimikatz.sys](drivers/14556074-b235-4378-b356-f58721629d72/),[3033ff03e6f523726638b43d954bc666cdd26483fa5abcf98307952ff88f80ee](drivers/14556074-b235-4378-b356-f58721629d72/),Malicious,2023-07-22
[PanIO.sys](drivers/5f70bde4-9f81-44a8-9d3e-c6c7cf65bfae/),[f596e64f4c5d7c37a00493728d8756b243cfdc11e3372d6d6dfeffc13c9ab960](drivers/5f70bde4-9f81-44a8-9d3e-c6c7cf65bfae/),Vulnerable driver,2023-01-09
[nt6.sys](drivers/e71f0866-e317-44d4-a456-d6f0c555aa73/),[15c53eb3a0ea44bbd2901a45a6ebeae29bb123f9c1115c38dfb2cdbec0642229](drivers/e71f0866-e317-44d4-a456-d6f0c555aa73/),Vulnerable driver,2023-01-09
[fiddrv64.sys](drivers/64f3d4b0-6d2b-4275-b3d4-15d092af4092/),not available ,Vulnerable driver,2023-01-09
[ProcObsrvesx.sys](drivers/8a1a4a5d-3e41-4539-80cd-0cb751f7fab3/),[37206b758eac2c7775ef881c1dc9a96129a517069bdf47049afc3b29e328408e](drivers/8a1a4a5d-3e41-4539-80cd-0cb751f7fab3/),Vulnerable,2024-09-11
[amigendrv64.sys](drivers/5c45ae9e-cb6f-4eab-a070-b0187202e080/),[09043c51719d4bf6405c9a7a292bb9bb3bcc782f639b708ddcc4eedb5e5c9ce9](drivers/5c45ae9e-cb6f-4eab-a070-b0187202e080/),Vulnerable driver,2023-05-06
[inpout32.sys](drivers/97fa88f6-3819-4d56-a82c-52a492a9e2b5/),[cfab93885e5129a86d13fd380d010cc8c204429973b776ab1b472d84a767930f](drivers/97fa88f6-3819-4d56-a82c-52a492a9e2b5/),Vulnerable drivers,2023-07-22
[c94f405c5929cfcccc8ad00b42c95083.sys](drivers/ddefecdd-9410-46d9-8957-e23aac1aba0c/),[da70fa44290f949e9b3e0fcfe0503de46e82e0472e8e3c360da3fd2bfa364eee](drivers/ddefecdd-9410-46d9-8957-e23aac1aba0c/),Malicious,2023-07-31
[My.sys](drivers/b7ec29c6-e151-4a9f-a293-e61f04ee6489/),[d25904fbf907e19f366d54962ff543d9f53b8fdfd2416c8b9796b6a8dd430e26](drivers/b7ec29c6-e151-4a9f-a293-e61f04ee6489/),Vulnerable driver,2023-01-09
[SSPORT.sys](drivers/c854b612-0b9f-4fc3-a7b8-a93bed7a291e/),[7cc9ba2df7b9ea6bb17ee342898edd7f54703b93b6ded6a819e83a7ee9f938b4](drivers/c854b612-0b9f-4fc3-a7b8-a93bed7a291e/),Vulnerable driver,2023-04-15
[elrawdsk.sys](drivers/205721b7-b83b-414a-b4b5-8bacb4a37777/),[4744df6ac02ff0a3f9ad0bf47b15854bbebb73c936dd02f7c79293a2828406f6](drivers/205721b7-b83b-414a-b4b5-8bacb4a37777/),Vulnerable driver,2023-01-09
[BS_RCIO64.sys](drivers/e7c958da-fd5d-40d6-975e-582c6fee7f69/),[d205286bffdf09bc033c09e95c519c1c267b40c2ee8bab703c6a2d86741ccd3e](drivers/e7c958da-fd5d-40d6-975e-582c6fee7f69/),Vulnerable driver,2023-01-09
[directio32_legacy.sys](drivers/7a0842ca-1a64-4ad1-9d66-25eb983d1742/),[035b96ff8b85d312be0f9df6271714392a802ec8bab59ae8229812ddc67ced5a](drivers/7a0842ca-1a64-4ad1-9d66-25eb983d1742/),Vulnerable drivers,2023-07-22
[mydrivers.sys](drivers/d9e00cc7-a8f4-4390-a6dc-0f5423e97da4/),[08eb2d2aa25c5f0af4e72a7e0126735536f6c2c05e9c7437282171afe5e322c6](drivers/d9e00cc7-a8f4-4390-a6dc-0f5423e97da4/),Vulnerable driver,2023-01-09
[driver_4d8bc539.sys](drivers/e7fd8ffc-ab37-4a7b-8dc9-fc7432fbacae/),[4d8bc539ca7c72e552b7065d2a84fef43b75a46a53c82b50556c2984e0a86a9e](drivers/e7fd8ffc-ab37-4a7b-8dc9-fc7432fbacae/),Malicious,2024-09-10
[TSDRVX64.sys](drivers/424a387e-735e-49d1-99de-f067dcf1c3e9/),[9bf84b41789b3d5d5622732b5c4f5630da189ede2098b0ce166fcae331178377](drivers/424a387e-735e-49d1-99de-f067dcf1c3e9/),Vulnerable,2024-09-11
[LMIinfo.sys](drivers/a02ee964-a21e-4b08-9c98-a730c90bfd53/),[453be8f63cc6b116e2049659e081d896491cf1a426e3d5f029f98146a3f44233](drivers/a02ee964-a21e-4b08-9c98-a730c90bfd53/),Vulnerable driver,2023-05-11
[nt4.sys](drivers/1d4f7a3a-786b-4a74-b34f-14d44343de9e/),[d7bc7306cb489fe4c285bbeddc6d1a09e814ef55cf30bd5b8daf87a52396f102](drivers/1d4f7a3a-786b-4a74-b34f-14d44343de9e/),Vulnerable driver,2023-01-09
[prokiller64.sys](drivers/6fe10a55-7fb8-4a9d-9ebc-1b27b6e5b833/),[0440ef40c46fdd2b5d86e7feef8577a8591de862cfd7928cdbcc8f47b8fa3ffc](drivers/6fe10a55-7fb8-4a9d-9ebc-1b27b6e5b833/),Malicious,2023-05-07
[dbutil.sys](drivers/8d14d798-338f-471e-bacb-6d9371c0f529/),not available ,Vulnerable driver,2023-01-09
[HpPortIox64.sys](drivers/13637210-2e1c-45a4-9f76-fe38c3c34264/),[a4680fabf606d6580893434e81c130ff7ec9467a15e6534692443465f264d3c9](drivers/13637210-2e1c-45a4-9f76-fe38c3c34264/),Vulnerable driver,2023-05-06
[typelibdE.sys](drivers/9713603a-53bf-4907-a304-b422db741fc6/),[4f02aed3750bc6a924c75e774404f259f721d8f4081ed68aa01cf73ca5430f85](drivers/9713603a-53bf-4907-a304-b422db741fc6/),Malicious,2023-07-12
[TmComm.sys](drivers/d35cb48d-2aca-4d7d-a194-f4566183bcd9/),[0909005d625866ef8ccd8ae8af5745a469f4f70561b644d6e38b80bccb53eb06](drivers/d35cb48d-2aca-4d7d-a194-f4566183bcd9/),Vulnerable driver,2023-05-06
[ktmutil7ODM.sys](drivers/809e7c77-f0fa-46fb-862c-71969ae0c032/),[751e9376cb7cb9de63e1808d43579d787d3f6d659173038fe44a2d7fdb4fd17e](drivers/809e7c77-f0fa-46fb-862c-71969ae0c032/),Malicious,2023-07-12
[BSMI.sys](drivers/bf01915d-045f-442c-a74e-25c56182123f/),[59626cac380d8fe0b80a6d4c4406d62ba0683a2f0f68d50ad506ca1b1cf25347](drivers/bf01915d-045f-442c-a74e-25c56182123f/),Vulnerable driver,2023-01-09
[driver_85ca0dcd.sys](drivers/e1c29414-5b5b-44f4-84cc-e6f55d9a23c6/),[85ca0dcdc52709de21281b8fc131a58440a045cf640643a6d96e5fee13a78b81](drivers/e1c29414-5b5b-44f4-84cc-e6f55d9a23c6/),Malicious,2024-09-10
[PanIOx64.sys](drivers/93c84c08-4683-493d-abf7-22dc2d1cb567/),[6b830ea0db6546a044c9900d3f335e7820c2a80e147b0751641899d1a5aa8f74](drivers/93c84c08-4683-493d-abf7-22dc2d1cb567/),Vulnerable driver,2023-01-09
[AsrDrv.sys](drivers/213676bb-ffb9-4d0d-a442-8cefee63acc1/),[4bf974f5d3489638a48ee508b4a8cfa0f0262909778ccdd2e871172b71654d89](drivers/213676bb-ffb9-4d0d-a442-8cefee63acc1/),Vulnerable drivers,2023-07-22
[Bs_Def.sys](drivers/3ac0eda2-a844-4a9d-9cfa-c25a9e05d678/),[5f5e5f1c93d961985624768b7c676d488c7c7c1d4c043f6fc1ea1904fefb75be](drivers/3ac0eda2-a844-4a9d-9cfa-c25a9e05d678/),Vulnerable driver,2023-01-09
[Lv561av.sys](drivers/47a351ee-8abe-40d8-bc2b-557390fa0945/),[e86cb77de7b6a8025f9a546f6c45d135f471e664963cf70b381bee2dfd0fdef4](drivers/47a351ee-8abe-40d8-bc2b-557390fa0945/),Vulnerable driver,2023-01-09
[ADV64DRV.sys](drivers/24fb7bab-b8c3-46ea-a370-c84d2f0ff614/),[04a85e359525d662338cae86c1e59b1d7aa9bd12b920e8067503723dc1e03162](drivers/24fb7bab-b8c3-46ea-a370-c84d2f0ff614/),Vulnerable driver,2023-01-09
[driver_16773074.sys](drivers/a0f0d0db-15a2-48e4-af39-50967ee8b541/),[167730744bd7cb117aae9931f81d20cbd2ec6eee480388c53d2fc973ede920ea](drivers/a0f0d0db-15a2-48e4-af39-50967ee8b541/),Malicious,2024-09-10
[rzpnk.sys](drivers/1c6e1d3b-f825-4065-9e0c-83386883e40f/),[93d873cdf23d5edc622b74f9544cac7fe247d7a68e1e2a7bf2879fad97a3ae63](drivers/1c6e1d3b-f825-4065-9e0c-83386883e40f/),Vulnerable driver,2023-01-09
[cpuz.sys](drivers/0f59ce3b-20ac-41ba-8010-2abc74827eb8/),[58cb5439e34be4ede6d93c463cb0433c99a100a1c06fca777eda751fd72c07bf](drivers/0f59ce3b-20ac-41ba-8010-2abc74827eb8/),Vulnerable driver,2023-01-09
[e29f6311ae87542b3d693c1f38e4e3ad.sys](drivers/c00f818c-1c90-4b47-bc29-fb949f6efb65/),[d25b5e4d07f594c640dcd93cfc8ab3f0a38348150bd0bfae89f404fbb0d811c6](drivers/c00f818c-1c90-4b47-bc29-fb949f6efb65/),Malicious,2023-07-31
[reddriver.sys](drivers/87593c63-9e3e-4d09-aa47-94bca0783396/),[82b0e1d7a27b67f0e6dc39dc41e880bdaef5d1f69fcec38e08da2ed78e805ef9](drivers/87593c63-9e3e-4d09-aa47-94bca0783396/),Malicious,2023-07-12
[gdrv.sys](drivers/613b8509-18c0-4720-b489-736776b6713e/),[092d04284fdeb6762e65e6ac5b813920d6c69a5e99d110769c5c1a78e11c5ba0](drivers/613b8509-18c0-4720-b489-736776b6713e/),Vulnerable driver,2023-05-06
[wnbios.sys](drivers/baa168cd-eba2-42e4-95e9-47cb4b2f9094/),[530d9223ec7e4123532a403abef96dfd1af5291eb49497392ff5d14d18fccfbb](drivers/baa168cd-eba2-42e4-95e9-47cb4b2f9094/),Vulnerable driver,2024-06-20
[LgCoreTemp.sys](drivers/2c3884d3-9e4f-4519-b18b-0969612621bc/),[93b266f38c3c3eaab475d81597abbd7cc07943035068bb6fd670dbbe15de0131](drivers/2c3884d3-9e4f-4519-b18b-0969612621bc/),Vulnerable driver,2023-04-15
[hw.sys](drivers/5076e737-6744-4266-bef7-bceda65050d6/),[0483b32f9544e9c3cc3f206e7bc983ea83f5a9ca44864f2af9b8fc10ff45949f](drivers/5076e737-6744-4266-bef7-bceda65050d6/),Vulnerable,2024-09-11
[Tmel.sys](drivers/1aeb1205-8b02-42b6-a563-b953ea337c19/),[dd628061d6e53f3f0b44f409ad914b3494c5d7b5ff6ff0e8fc3161aacec93e96](drivers/1aeb1205-8b02-42b6-a563-b953ea337c19/),Vulnerable drivers,2023-07-22
[b.sys](drivers/579a0516-1177-45ce-ad9e-45f53b28dcdc/),[84df20b1d9d87e305c92e5ffae21b10b325609d59d835a954dbd8750ef5dabf4](drivers/579a0516-1177-45ce-ad9e-45f53b28dcdc/),Vulnerable driver,2023-01-09
[bw.sys](drivers/578d4909-c2ba-4363-b6e3-98fb62d5e55c/),[0ebaef662b14410c198395b13347e1d175334ec67919709ad37d65eba013adff](drivers/578d4909-c2ba-4363-b6e3-98fb62d5e55c/),Vulnerable driver,2023-01-09
[driver_ef9d653a.sys](drivers/14e51012-5429-483e-9423-49778c3bd1c2/),[ef9d653aaa2e629b211cd367a32c381eba694ba85682b987497c287d7dbc0082](drivers/14e51012-5429-483e-9423-49778c3bd1c2/),Malicious,2024-09-10
[PanMonFlt.sys](drivers/cfdc5cb4-be5c-4dcc-a883-825fa72115b4/),[7e0124fcc7c95fdc34408cf154cb41e654dade8b898c71ad587b2090b1da30d7](drivers/cfdc5cb4-be5c-4dcc-a883-825fa72115b4/),Vulnerable driver,2023-01-09
[d2.sys](drivers/d05a0a6c-c037-4647-99ac-c41593190223/),[cb57f3a7fe9e1f8e63332c563b0a319b26c944be839eabc03e9a3277756ba612](drivers/d05a0a6c-c037-4647-99ac-c41593190223/),Vulnerable driver,2023-01-09
[iomem64.sys](drivers/04d377f9-36e0-42a4-8d47-62232163dc68/),[3d23bdbaf9905259d858df5bf991eb23d2dc9f4ecda7f9f77839691acef1b8c4](drivers/04d377f9-36e0-42a4-8d47-62232163dc68/),Vulnerable driver,2023-01-09
[netflt.sys](drivers/35a9afeb-18f1-4c02-a3aa-830e300138ae/),[cf16a2218fc8a3b6fa5aa4a0bc6205792798078c380ccc7e5041476e0f1bc53d](drivers/35a9afeb-18f1-4c02-a3aa-830e300138ae/),Vulnerable drivers,2023-07-22
[FairplayKD.sys](drivers/31686f0e-3748-48c2-be09-fc8f3252e780/),[9f4ce6ab5e8d44f355426d9a6ab79833709f39b300733b5b251a0766e895e0e5](drivers/31686f0e-3748-48c2-be09-fc8f3252e780/),Vulnerable driver,2023-01-09
[dbutil_2_3.sys](drivers/a4eabc75-edf6-4b74-9a24-6a26187adabf/),[0296e2ce999e67c76352613a718e11516fe1b0efc3ffdb8918fc999dd76a73a5](drivers/a4eabc75-edf6-4b74-9a24-6a26187adabf/),Vulnerable driver,2023-01-09
[BS_I2c64.sys](drivers/de4dd27a-1f7e-4271-98a4-55395ab6aabf/),[55fee54c0d0d873724864dc0b2a10b38b7f40300ee9cae4d9baaf8a202c4049a](drivers/de4dd27a-1f7e-4271-98a4-55395ab6aabf/),Vulnerable driver,2023-01-09
[driver_206006a1.sys](drivers/9e0a1bae-6509-41fd-a5bf-dfe6cf388682/),[206006a11f233b9ae876952308f6d60d7a75c80b4d530a3e6146a0b4d8cd3e4f](drivers/9e0a1bae-6509-41fd-a5bf-dfe6cf388682/),Malicious,2024-09-10
[Proxy32.sys](drivers/0d0d204b-f6ce-4ce4-8d76-1724a1676c3f/),[49ed27460730b62403c1d2e4930573121ab0c86c442854bc0a62415ca445a810](drivers/0d0d204b-f6ce-4ce4-8d76-1724a1676c3f/),Vulnerable driver,2023-01-09
[cpuz.sys](drivers/16d8962b-cf96-432f-8a43-d41f06828f56/),[0d3790af5f8e5c945410929e31d06144a471ac82f828afe89a4758a5bbeb7f9f](drivers/16d8962b-cf96-432f-8a43-d41f06828f56/),Vulnerable driver,2023-05-06
[driver_89036534.sys](drivers/750a8aa9-a87c-4142-b96b-18ea139ada14/),[89036534a3da657882da96d9f211ae41efab4083bd6dbedbeaa2516d1d04cff4](drivers/750a8aa9-a87c-4142-b96b-18ea139ada14/),Malicious,2024-09-10
[Chaos-Rootkit.sys](drivers/de62baae-872d-4e9a-b6d9-b0ac99854c66/),[bdc73f752c1353d41e877d8bf42a1c53f0bba7d6f52348aaef60e06f4d3087d0](drivers/de62baae-872d-4e9a-b6d9-b0ac99854c66/),Vulnerable driver,2024-06-20
[cpupress.sys](drivers/c0645f0f-9b97-4fe9-811e-2e45c250c9ef/),[fcdfe570e6dc6e768ef75138033d9961f78045adca53beb6fdb520f6417e0df1](drivers/c0645f0f-9b97-4fe9-811e-2e45c250c9ef/),Vulnerable driver,2023-01-09
[MsIo32.sys](drivers/4e5064b4-48d3-418c-a7a8-f0dc7ac0a176/),[525d9b51a80ca0cd4c5889a96f857e73f3a80da1ffbae59851e0f51bdfb0b6cd](drivers/4e5064b4-48d3-418c-a7a8-f0dc7ac0a176/),Vulnerable driver,2023-01-09
[VBoxMouseNT.sys](drivers/ecabc507-2cc7-4011-89ab-7d9d659e6f88/),[bbf564a02784d53b8006333406807c3539ee4a594585b1f3713325904cb730ec](drivers/ecabc507-2cc7-4011-89ab-7d9d659e6f88/),Vulnerable drivers,2023-07-22
[BSMIx64.sys](drivers/47724cc1-bf75-4ab7-a47a-355a9aa30de1/),[552f70374715e70c4ade591d65177be2539ec60f751223680dfaccb9e0be0ed9](drivers/47724cc1-bf75-4ab7-a47a-355a9aa30de1/),Vulnerable driver,2023-01-09
[WCPU.sys](drivers/7f645b95-4374-47ae-be1a-e4415308b550/),[159e7c5a12157af92e0d14a0d3ea116f91c09e21a9831486e6dc592c93c10980](drivers/7f645b95-4374-47ae-be1a-e4415308b550/),Vulnerable driver,2023-01-09
[driver_090d409f.sys](drivers/00561455-9da1-4f0c-8564-e4c99b716a74/),[090d409f86430e078694e621ad0bd5e458d32aa727f0eb99bda3961577df8d49](drivers/00561455-9da1-4f0c-8564-e4c99b716a74/),Malicious,2024-09-10
[e939448b28a4edc81f1f974cebf6e7d2.sys](drivers/4f2edf45-b135-404f-bedc-9583f0bae574/),[29d765e29d2f06eb511ee88b2e514c9df1a9020a768ddd3d2278d9045e9cdb4a](drivers/4f2edf45-b135-404f-bedc-9583f0bae574/),Malicious,2023-07-31
[AsrDrv106.sys](drivers/6a50e368-1120-434b-9232-1a0702c80437/),[3943a796cc7c5352aa57ccf544295bfd6fb69aae147bc8235a00202dc6ed6838](drivers/6a50e368-1120-434b-9232-1a0702c80437/),Vulnerable driver,2023-01-09
[IoAccess.sys](drivers/c08c03ff-a7b7-4282-a9fc-265ae88dc244/),[b78eb7f12ba718183313cf336655996756411b7dcc8648157aaa4c891ca9dbee](drivers/c08c03ff-a7b7-4282-a9fc-265ae88dc244/),Vulnerable driver,2023-11-02
[windivert.sys](drivers/45a31a17-f78d-48ec-beba-74f6bfc5f96e/),[8da085332782708d8767bcace5327a6ec7283c17cfb85e40b03cd2323a90ddc2](drivers/45a31a17-f78d-48ec-beba-74f6bfc5f96e/),Malicious,2024-09-10
[msrhook.sys](drivers/1a1cf88a-96d0-46cd-a24d-1535e4a5f6e3/),[6de84caa2ca18673e01b91af58220c60aecd5cccf269725ec3c7f226b2167492](drivers/1a1cf88a-96d0-46cd-a24d-1535e4a5f6e3/),Vulnerable driver,2023-01-09
[semav6msr.sys](drivers/142453a2-a24d-4b35-8922-6d5939f1c0fc/),[9f1229cd8dd9092c27a01f5d56e3c0d59c2bb9f0139abf042e56f343637fda33](drivers/142453a2-a24d-4b35-8922-6d5939f1c0fc/),Vulnerable driver,2023-01-09
[AMDRyzenMasterDriver.sys](drivers/13973a71-412f-4a18-a2a6-476d3853f8de/),[7e81beae78e1ddbf6c150e15667e1f18783f9b0ab7fbe52c7ab63e754135948d](drivers/13973a71-412f-4a18-a2a6-476d3853f8de/),Vulnerable driver,2023-01-09
[driver7-x64.sys](drivers/48bc2815-85ec-4436-a51a-69810c8cb171/),[771a8d05f1af6214e0ef0886662be500ee910ab99f0154227067fddcfe08a3dd](drivers/48bc2815-85ec-4436-a51a-69810c8cb171/),Vulnerable driver,2023-01-09
[driver_0a636606.sys](drivers/82087b26-b649-4ad1-a353-3a225c757ff7/),[0a6366066bc6003f347eadc6fe6c8994fded09fb7d5d24d0ddac3936ae1437a7](drivers/82087b26-b649-4ad1-a353-3a225c757ff7/),Malicious,2024-09-10
[blacklotus_driver.sys](drivers/8750b245-af35-4bc6-9af3-dc858f9db64f/),[749b0e8c8c8b7dda8c2063c708047cfe95afa0a4d86886b31a12f3018396e67c](drivers/8750b245-af35-4bc6-9af3-dc858f9db64f/),Malicious,2023-04-05
[a236e7d654cd932b7d11cb604629a2d0.sys](drivers/2866bd72-a4b1-4764-a838-9ed0790c2631/),[497a836693be1b330993e2be64f6c71bf290c127faca1c056abd0dc374654830](drivers/2866bd72-a4b1-4764-a838-9ed0790c2631/),Malicious,2023-07-31
[PanMonFltX64.sys](drivers/40bfb01b-d251-4c2c-952e-052a89a76f5b/),[06508aacb4ed0a1398a2b0da5fa2dbf7da435b56da76fd83c759a50a51c75caf](drivers/40bfb01b-d251-4c2c-952e-052a89a76f5b/),Vulnerable driver,2023-01-09
[VdBSv64.sys](drivers/5901421f-7929-487d-87bd-632f29290352/),[91afa3de4b70ee26a4be68587d58b154c7b32b50b504ff0dc0babc4eb56578f4](drivers/5901421f-7929-487d-87bd-632f29290352/),Vulnerable driver,2023-11-02
[daxin_blank3.sys](drivers/9748d5c8-62dd-474b-a336-0aadb49e5ff9/),[7a7e8df7173387aec593e4fe2b45520ea3156c5f810d2bb1b2784efd1c922376](drivers/9748d5c8-62dd-474b-a336-0aadb49e5ff9/),Malicious,2023-02-28
[iQVW64.SYS](drivers/4dd3289c-522c-4fce-b48e-5370efc90fa1/),[19bf0d0f55d2ad33ef2d105520bde8fb4286f00e9d7a721e3c9587b9408a0775](drivers/4dd3289c-522c-4fce-b48e-5370efc90fa1/),Vulnerable driver,2023-05-06
[t8.sys](drivers/8c2fa9d1-b2b1-4ba1-bad9-60c44c2c20eb/),[258359a7fa3d975620c9810dab3a6493972876a024135feaf3ac8482179b2e79](drivers/8c2fa9d1-b2b1-4ba1-bad9-60c44c2c20eb/),Vulnerable driver,2023-01-09
[sandra.sys](drivers/bc5e020a-ecff-43c8-b57b-ee17b5f65b21/),[1aaf4c1e3cb6774857e2eef27c17e68dc1ae577112e4769665f516c2e8c4e27b](drivers/bc5e020a-ecff-43c8-b57b-ee17b5f65b21/),Vulnerable driver,2023-01-09
[PhlashNT.sys](drivers/be3e49ea-095e-4fdb-9529-f4c2dbb9a9fc/),[65db1b259e305a52042e07e111f4fa4af16542c8bacd33655f753ef642228890](drivers/be3e49ea-095e-4fdb-9529-f4c2dbb9a9fc/),Vulnerable driver,2023-01-09
[NICM.sys](drivers/0f8e317e-ad2b-4b02-9f96-603bb8d28604/),[dd4fedd5662122cbfe046a12e2137294ef1cb7822238d9e24eacc78f22f8e93d](drivers/0f8e317e-ad2b-4b02-9f96-603bb8d28604/),Vulnerable drivers,2023-07-22
[probmon.sys](drivers/3bf3fd5d-dee3-42da-b8be-6a0b8b7bc88c/),[023d722cbbdd04e3db77de7e6e3cfeabcef21ba5b2f04c3f3a33691801dd45eb](drivers/3bf3fd5d-dee3-42da-b8be-6a0b8b7bc88c/),Vulnerable driver,2025-01-29
[ProxyDrv.sys](drivers/0e3b0052-18c7-4c8b-a064-a1332df07af2/),[0b205838a8271daea89656b1ec7c5bb7244c42a8b8000d7697e92095da6b9b94](drivers/0e3b0052-18c7-4c8b-a064-a1332df07af2/),Vulnerable drivers,2023-07-22
[nvflash.sys](drivers/d55a5955-6220-4f38-ba7d-91339330fe98/),[afdd66562dea51001c3a9de300f91fc3eb965d6848dfce92ccb9b75853e02508](drivers/d55a5955-6220-4f38-ba7d-91339330fe98/),Vulnerable driver,2023-01-09
[t.sys](drivers/65660363-0080-4432-abd9-64368dac0283/),[146d77e80ca70ea5cb17bfc9a5cea92334f809cbdc87a51c2d10b8579a4b9c88](drivers/65660363-0080-4432-abd9-64368dac0283/),Vulnerable driver,2023-01-09
[AsrSetupDrv103.sys](drivers/19003e00-d42d-4cbe-91f3-756451bdd7da/),not available ,Vulnerable driver,2023-01-09
[nvflash.sys](drivers/2a6a38ca-f2e6-456e-9ccf-db59d8c80c9e/),[9368e51ec98e2ad20893a5fc21e6a8b20c5bee158d5c49ca58649cff84db9d68](drivers/2a6a38ca-f2e6-456e-9ccf-db59d8c80c9e/),Vulnerable drivers,2023-07-22
[dkrTK.sys](drivers/8a162702-b043-4108-bb6c-1488751a4a32/),[52d5c35325ce701516f8b04380c9fbdb78ec6bcc13b444f758fdb03d545b0677](drivers/8a162702-b043-4108-bb6c-1488751a4a32/),Malicious,2023-05-22
[fiddrv.sys](drivers/75a933b4-82d8-4eb8-8ed5-a0a2178630a3/),not available ,Vulnerable driver,2023-01-09
[d3.sys](drivers/13b2424a-d337-4bc7-ad1d-2049c79906b4/),[36875562e747136313ec5db58174e5fab870997a054ca8d3987d181599c7db6a](drivers/13b2424a-d337-4bc7-ad1d-2049c79906b4/),Vulnerable driver,2023-01-09
[rtif.sys](drivers/36227ce7-2bf6-4963-bfae-c399000a1079/),[0d133ced666c798ea63b6d8026ec507d429e834daa7c74e4e091e462e5815180](drivers/36227ce7-2bf6-4963-bfae-c399000a1079/),Vulnerable driver,2023-11-02
[idmtdi.sys](drivers/c2e98102-2055-48f0-9449-3e7a7f2c0ffe/),[44ebb0f534e7cdfec06d5234358d219798a313219b214d72aa23afc5a57d7ea9](drivers/c2e98102-2055-48f0-9449-3e7a7f2c0ffe/),Malicious,2024-08-28
[amifldrv64.sys](drivers/34fa6ba4-dc7c-4fd6-b947-8a0bb8ebd031/),[20f11a64bc4548f4edb47e3d3418da0f6d54a83158224b71662a6292bf45b5fb](drivers/34fa6ba4-dc7c-4fd6-b947-8a0bb8ebd031/),Vulnerable driver,2023-01-09
[kavservice.bin](drivers/77157886-00f9-4f6e-b217-d896813b630f/),[e055fdfb914e3da936eb7745acb665f50346df9abac597cf43d487262a6a12d5](drivers/77157886-00f9-4f6e-b217-d896813b630f/),Malicious,2024-01-24
[SANDRA.sys](drivers/a7628504-9e35-4e42-91f7-0c0a512549f4/),[3e274df646f191d2705c0beaa35eeea84808593c3b333809f13632782e27ad75](drivers/a7628504-9e35-4e42-91f7-0c0a512549f4/),Vulnerable driver,2023-05-06
[asmmap64.sys](drivers/d0048840-970f-4ad5-9a07-1d39469d721f/),[025e7be9fcefd6a83f4471bba0c11f1c11bd5047047d26626da24ee9a419cdc4](drivers/d0048840-970f-4ad5-9a07-1d39469d721f/),Vulnerable driver,2023-01-09
[WinTapix.sys](drivers/93740202-930c-4ab4-8603-8ec9532c5415/),[8578bff36e3b02cc71495b647db88c67c3c5ca710b5a2bd539148550595d0330](drivers/93740202-930c-4ab4-8603-8ec9532c5415/),Malicious,2023-06-05
[kerneld.amd64](drivers/3aa6e630-59be-4a15-a30c-aaed4c1edaf0/),[065a34b786b0ccf6f88c136408943c3d2bd3da14357ee1e55e81e05d67a4c9bc](drivers/3aa6e630-59be-4a15-a30c-aaed4c1edaf0/),Vulnerable driver,2023-11-02
[ene.sys](drivers/3bec7340-bd8b-43ae-8569-d81a66f01dda/),[16768203a471a19ebb541c942f45716e9f432985abbfbe6b4b7d61a798cea354](drivers/3bec7340-bd8b-43ae-8569-d81a66f01dda/),Vulnerable driver,2023-05-06
[SMARTEIO64.SYS](drivers/2a7a59c1-35b8-42b6-a560-2fbf4247a584/),[3c95ebf3f1a87f67d2861dbd1c85dc26c118610af0c9fbf4180428e653ac3e50](drivers/2a7a59c1-35b8-42b6-a560-2fbf4247a584/),Vulnerable driver,2023-11-02
[skill.sys](drivers/724d7989-dfce-4bb2-9beb-dee15df5b790/),[0c1b21978c6aef881f056f7b9c909b56488019459ed256511d78a4588d1aa7a4](drivers/724d7989-dfce-4bb2-9beb-dee15df5b790/),Vulnerable drivers,2023-07-22
[etdsupp.sys](drivers/0e8da43d-92e0-43f9-bc34-50a7d15b34bd/),[f744abb99c97d98e4cd08072a897107829d6d8481aee96c22443f626d00f4145](drivers/0e8da43d-92e0-43f9-bc34-50a7d15b34bd/),Vulnerable driver,2023-05-11
[Dh_Kernel.sys](drivers/43d0af25-c066-471f-bb73-6ce25dc7e0eb/),[bb50818a07b0eb1bd317467139b7eb4bad6cd89053fecdabfeae111689825955](drivers/43d0af25-c066-471f-bb73-6ce25dc7e0eb/),Vulnerable driver,2023-01-09
[Se64a.sys](drivers/d819bee2-3bff-481f-a301-acc3d1f5fe58/),[6cb51ae871fbd5d07c5aad6ff8eea43d34063089528603ca9ceb8b4f52f68ddc](drivers/d819bee2-3bff-481f-a301-acc3d1f5fe58/),Vulnerable driver,2023-01-09
[nvaudio.sys](drivers/837ad058-65f4-4b75-8f21-b842e48db8a5/),[b0dcdbdc62949c981c4fc04ccea64be008676d23506fc05637d9686151a4b77f](drivers/837ad058-65f4-4b75-8f21-b842e48db8a5/),Vulnerable driver,2023-11-02
[CtiIo64.sys](drivers/de365e80-45cb-48fb-af6e-0a96a5ad7777/),[2121a2bb8ebbf2e6e82c782b6f3c6b7904f686aa495def25cf1cf52a42e16109](drivers/de365e80-45cb-48fb-af6e-0a96a5ad7777/),Vulnerable driver,2023-05-22
[hwdetectng.sys](drivers/f92f4c60-b39c-4726-ba74-dcab7f653ae2/),[2f8b68de1e541093f2d4525a0d02f36d361cd69ee8b1db18e6dd064af3856f4f](drivers/f92f4c60-b39c-4726-ba74-dcab7f653ae2/),Vulnerable driver,2023-11-02
[phydmaccx86.sys](drivers/1055625b-3480-48b3-9556-8628a745d8f0/),[23787eb342fd38da73ce785023176f98304267c6f6fa8a50e718da096c7a7951](drivers/1055625b-3480-48b3-9556-8628a745d8f0/),Vulnerable drivers,2023-07-22
[segwindrvx64.sys](drivers/a4aa80bc-4ecd-49ab-bc0f-0f49b07fdd7f/),[0d30c6c4fa0216d0637b4049142bc275814fd674859373bd4af520ce173a1c75](drivers/a4aa80bc-4ecd-49ab-bc0f-0f49b07fdd7f/),Vulnerable driver,2023-01-09
[vboxdrv.sys](drivers/2da3a276-9e38-4ee6-903d-d15f7c355e7c/),[78827fa00ea48d96ac9af8d1c1e317d02ce11793e7f7f6e4c7aac7b5d7dd490f](drivers/2da3a276-9e38-4ee6-903d-d15f7c355e7c/),Vulnerable driver,2023-01-09
[driver_4f9b5a2f.sys](drivers/b660d253-2b60-46c5-b95a-c354aa5eb154/),[4f9b5a2fe29c436a53d36d8a2084369ac6a8cd59b9eb01b3d3fa293f3487d3cc](drivers/b660d253-2b60-46c5-b95a-c354aa5eb154/),Malicious,2024-09-10
[piddrv.sys](drivers/354a9fcf-acf1-4151-94d2-af88116f605c/),not available ,Vulnerable driver,2023-01-09
[procexp.Sys](drivers/0567c6c4-282f-406f-9369-7f876b899c25/),[075de997497262a9d105afeadaaefc6348b25ce0e0126505c24aa9396c251e85](drivers/0567c6c4-282f-406f-9369-7f876b899c25/),Vulnerable driver,2023-05-06
[driver_1afc1d06.sys](drivers/d7773616-9860-4768-b6a2-d74f32c23b4e/),[1afc1d0672c14df8c9e4caa88f5d3b7968421d72c548b6df307e371b9a8776d5](drivers/d7773616-9860-4768-b6a2-d74f32c23b4e/),Malicious,2024-09-10
[vmdrv.sys](drivers/2ea12acc-95b6-4f91-afb7-8ded7a2fe9d9/),[5c0b429e5935814457934fa9c10ac7a88e19068fa1bd152879e4e9b89c103921](drivers/2ea12acc-95b6-4f91-afb7-8ded7a2fe9d9/),Vulnerable driver,2023-05-06
[gameink.sys](drivers/86b520f6-cc90-4488-b343-168cad88010d/),not available ,Vulnerable driver,2023-01-09
[wantd_5.sys](drivers/3277cecc-f4b4-4a00-be01-9da83e013bcd/),[b9dad0131c51e2645e761b74a71ebad2bf175645fa9f42a4ab0e6921b83306e3](drivers/3277cecc-f4b4-4a00-be01-9da83e013bcd/),Malicious,2023-02-28
[LgDCatcher.sys](drivers/a8e999ee-746f-4788-9102-c1d3d2914f56/),[58c071cfe72e9ee867bba85cbd0abe72eb223d27978d6f0650d0103553839b59](drivers/a8e999ee-746f-4788-9102-c1d3d2914f56/),Vulnerable driver,2023-01-09
[driver_981d03e1.sys](drivers/1106fe7a-b78b-4edf-85c0-6208979f380b/),[981d03e19f14de0ccffef8fa974797d9cdfef6dafc7349d9bbf27434dc16dede](drivers/1106fe7a-b78b-4edf-85c0-6208979f380b/),Malicious,2024-09-10
[spwizimgVT.sys](drivers/b759adfa-b353-4ca3-9dfb-8fadf7a437eb/),[30061ef383e18e74bb067fbca69544f1a7544e8dc017d4e7633d8379aff4c3c3](drivers/b759adfa-b353-4ca3-9dfb-8fadf7a437eb/),Malicious,2023-07-12
[irec.sys](drivers/d74fdf19-b4b0-4ec2-9c29-4213b064138b/),[dd573f23d656818036fc9ae1064eda31aca86acb9bc44a6e127db3ea112a9094](drivers/d74fdf19-b4b0-4ec2-9c29-4213b064138b/),Vulnerable driver,2023-05-11
[smep_capcom.sys](drivers/19897aed-9be8-4111-a7d8-35618b9d75b3/),[db2a9247177e8cdd50fe9433d066b86ffd2a84301aa6b2eb60f361cfff077004](drivers/19897aed-9be8-4111-a7d8-35618b9d75b3/),Vulnerable driver,2023-01-09
[UCOREW64.SYS](drivers/a338a9fc-9fe3-400c-9fe4-69bb7892602d/),[a7c8f4faf3cbb088cac7753d81f8ec4c38ccb97cd9da817741f49272e8d01200](drivers/a338a9fc-9fe3-400c-9fe4-69bb7892602d/),Vulnerable driver,2023-01-09
[LHA.sys](drivers/1c7631f0-f92f-4be5-8ba7-3eefb0601d45/),[e75714f8e0ff45605f6fc7689a1a89c7dcd34aab66c6131c63fefaca584539cf](drivers/1c7631f0-f92f-4be5-8ba7-3eefb0601d45/),Vulnerable driver,2023-01-09
[msr.sys](drivers/ee6fa2de-d388-416c-862d-24385c152fad/),[ede9a3858a12d5ddea21a310e5721bf86c2248539f42c9e0c3c29ae5b0148ba5](drivers/ee6fa2de-d388-416c-862d-24385c152fad/),Vulnerable driver,2023-12-02
[KfeCo10X64.sys](drivers/3e0bf6dc-791b-4170-8c40-427e7299d93d/),[b583414fcee280128788f7b39451c511376fe821f455d4f3702795e96d560704](drivers/3e0bf6dc-791b-4170-8c40-427e7299d93d/),Vulnerable driver,2023-05-12
[Agent64.sys](drivers/5943b267-64f3-40d4-8669-354f23dec122/),[05f052c64d192cf69a462a5ec16dda0d43ca5d0245900c9fcb9201685a2e7748](drivers/5943b267-64f3-40d4-8669-354f23dec122/),Vulnerable driver,2023-01-09
[PcieCubed.sys](drivers/a5ebba11-5a31-48d2-9c6d-78bba397edf1/),[fd223833abffa9cd6cc1848d77599673643585925a7ee51259d67c44d361cce8](drivers/a5ebba11-5a31-48d2-9c6d-78bba397edf1/),Malicious,2023-03-04
[dellinstrumentation.sys](drivers/86b9c8d6-9c59-4fd4-befd-ab9a36a19e36/),[bc2606740e4648c3732541db929f2e02ea8567520d35de57c671e93c71e632f3](drivers/86b9c8d6-9c59-4fd4-befd-ab9a36a19e36/),Vulnerable driver,2025-01-13
[atillk64.sys](drivers/61514cbd-6f34-4a3e-a022-9ecbccc16feb/),[5c04c274a708c9a7d993e33be3ea9e6119dc29527a767410dbaf93996f87369a](drivers/61514cbd-6f34-4a3e-a022-9ecbccc16feb/),Vulnerable driver,2023-01-09
[nt2.sys](drivers/cacc48e6-6ed8-431c-abee-88ee6c2dc3c1/),[cb9890d4e303a4c03095d7bc176c42dee1b47d8aa58e2f442ec1514c8f9e3cec](drivers/cacc48e6-6ed8-431c-abee-88ee6c2dc3c1/),Vulnerable driver,2023-01-09
[filnk.sys](drivers/ba91bce3-2cf9-4c44-bbd8-1170a44d23db/),[ae55a0e93e5ef3948adecf20fa55b0f555dcf40589917a5bfbaa732075f0cc12](drivers/ba91bce3-2cf9-4c44-bbd8-1170a44d23db/),Vulnerable driver,2024-06-20
[NTIOLib.sys](drivers/a7bba474-815f-49be-bddc-4d76a64c866c/),[09bedbf7a41e0f8dabe4f41d331db58373ce15b2e9204540873a1884f38bdde1](drivers/a7bba474-815f-49be-bddc-4d76a64c866c/),Vulnerable driver,2023-01-09
[t7.sys](drivers/7196366e-04f0-4aaf-9184-ed0a0d21a75f/),[be03e9541f56ac6ed1e81407dcd7cc85c0ffc538c3c2c2c8a9c747edbcf13100](drivers/7196366e-04f0-4aaf-9184-ed0a0d21a75f/),Vulnerable driver,2023-01-09
[HW.sys](drivers/2d7c96d3-2d6c-44cd-a8a1-5239f571a24a/),[fd388cf1df06d419b14dedbeb24c6f4dff37bea26018775f09d56b3067f0de2c](drivers/2d7c96d3-2d6c-44cd-a8a1-5239f571a24a/),Vulnerable driver,2023-05-06
[CorsairLLAccess64.sys](drivers/a9d9cbb7-b5f6-4e74-97a5-29993263280e/),[29a90ae1dcee66335ece4287a06482716530509912be863c85a2a03a6450a5b6](drivers/a9d9cbb7-b5f6-4e74-97a5-29993263280e/),Vulnerable driver,2023-05-06
[TGSafe.sys](drivers/ad693146-4adf-4407-bb20-f2505e34c226/),[3a95cc82173032b82a0ffc7d2e438df64c13bc16b4574214c9fe3be37250925e](drivers/ad693146-4adf-4407-bb20-f2505e34c226/),Vulnerable driver,2023-01-09
[Lurker.sys](drivers/3fb743b8-d3ed-4873-9c95-e212720dde21/),[0fd2df82341bf5ebb8a53682e60d08978100c01acb0bed7b6ce2876ada80f670](drivers/3fb743b8-d3ed-4873-9c95-e212720dde21/),Vulnerable driver,2023-01-09
[netfilter2.sys](drivers/5ad8a3b6-6d20-4c95-8fa7-9a507167ba3c/),[f1718a005232d1261894b798a60c73d971416359b70d0e545d7e7a40ed742b71](drivers/5ad8a3b6-6d20-4c95-8fa7-9a507167ba3c/),Vulnerable drivers,2023-07-22
[AsrDrv101.sys](drivers/51c342f3-0b91-4674-8f81-bc016855f30f/),[f40435488389b4fb3b945ca21a8325a51e1b5f80f045ab019748d0ec66056a8b](drivers/51c342f3-0b91-4674-8f81-bc016855f30f/),Vulnerable driver,2023-01-09
[NICM.SYS](drivers/f4126206-564f-49f5-a942-2138a3131e0e/),[3a65d14fd3b1b5981084cdbd293dc6f4558911ea18dd80177d1e5b54d85bcaa0](drivers/f4126206-564f-49f5-a942-2138a3131e0e/),Vulnerable driver,2023-05-06
[yyprotect64.sys](drivers/12ccd18a-11da-495a-b4b4-98a2f2bff180/),[dcd026fd2ff8d517e2779d67b3d2d5f9a7aa39f19c66fa8ff2cab66d5c6461c6](drivers/12ccd18a-11da-495a-b4b4-98a2f2bff180/),Vulnerable drivers,2023-07-22
[asas.sys](drivers/dbb58de1-a1e5-4c7f-8fe0-4033502b1c63/),[6165491e8391eac9c0e3b9a2a31e1692a567c16cbfa36d7a88c401ffae1f6c63](drivers/dbb58de1-a1e5-4c7f-8fe0-4033502b1c63/),Vulnerable drivers,2023-07-22
[PDFWKRNL.sys](drivers/fded7e63-0470-40fe-97ed-aa83fd027bad/),[0cf84400c09582ee2911a5b1582332c992d1cd29fcf811cb1dc00fcd61757db0](drivers/fded7e63-0470-40fe-97ed-aa83fd027bad/),Vulnerable driver,2023-11-02
[aswArPot.sys](drivers/043773c5-120a-4c6b-8485-8f1f5c47fd3e/),[0b2ad05939b0aabbdc011082fad7960baa0c459ec16a2b29f37c1fa31795a46d](drivers/043773c5-120a-4c6b-8485-8f1f5c47fd3e/),Vulnerable driver,2023-05-06
[GPU-Z.sys](drivers/0d6f1b0f-b94d-4254-b3bb-49de61246260/),[f9418b5e90a235339a4a1a889490faca39cd117a51ba4446daa1011da06c7ecd](drivers/0d6f1b0f-b94d-4254-b3bb-49de61246260/),Vulnerable driver,2024-06-20
[LcTkA.sys](drivers/d827f7a6-1832-4ddb-90dd-7a8cf1c7f25e/),[c8f9e1ad7b8cce62fba349a00bc168c849d42cfb2ca5b2c6cc4b51d054e0c497](drivers/d827f7a6-1832-4ddb-90dd-7a8cf1c7f25e/),Malicious,2023-03-04
[WinIO32B.sys](drivers/45f2c348-bf17-40ab-8306-ef14231cc996/),not available ,Vulnerable driver,2023-01-09
[dellbios.sys](drivers/fa612342-5ae0-4e69-ad9c-14d574d9fb1e/),[0584520b4b3bdad1d177329bd9952c0589b2a99eb9676cb324d1fce46dad0b9a](drivers/fa612342-5ae0-4e69-ad9c-14d574d9fb1e/),Vulnerable driver,2023-11-02
[SBIOSIO64.sys](drivers/cf805b21-4611-4983-a8b6-271373a45057/),[1e24c45ce2672ee403db34077c88e8b7d7797d113c6fd161906dce3784da627d](drivers/cf805b21-4611-4983-a8b6-271373a45057/),Vulnerable driver,2023-11-02
[BS_RCIO.sys](drivers/0a2f2700-97b5-42b6-b121-38e5f03e9957/),[362c4f3dadc9c393682664a139d65d80e32caa2a97b6e0361dfd713a73267ecc](drivers/0a2f2700-97b5-42b6-b121-38e5f03e9957/),Vulnerable driver,2023-01-09
[daxin_blank5.sys](drivers/0590655c-baa2-481a-b909-463534bd7a5e/),[9c2f3e9811f7d0c7463eaa1ee6f39c23f902f3797b80891590b43bbe0fdf0e51](drivers/0590655c-baa2-481a-b909-463534bd7a5e/),Malicious,2023-02-28
[windows-xp-64.sys](drivers/a1d35b93-e97f-4ddd-a465-2405e804e754/),[dfaefd06b680f9ea837e7815fc1cc7d1f4cc375641ac850667ab20739f46ad22](drivers/a1d35b93-e97f-4ddd-a465-2405e804e754/),Vulnerable driver,2023-01-09
[kdriver.sys](drivers/51808fa6-89a4-4f4d-aabc-0a7b0e99e34d/),[603ccc97a198b004f9fa56deed2295d1b2d42ef01f22d80a00cb28bcf1b85646](drivers/51808fa6-89a4-4f4d-aabc-0a7b0e99e34d/),Vulnerable drivers,2023-07-22
[cpuz141.sys](drivers/fab98aaa-e4e7-4c4a-af65-c00d35cf66e9/),[ded2927f9a4e64eefd09d0caba78e94f309e3a6292841ae81d5528cab109f95d](drivers/fab98aaa-e4e7-4c4a-af65-c00d35cf66e9/),Vulnerable driver,2023-01-09
[driver_5d61e4ea.sys](drivers/0215d6d6-e0c4-4a11-bd3a-40511f89d736/),[5d61e4ea1b1294d5a042feb152dc5f9aa1397c45c3ed583621279dd4e69be418](drivers/0215d6d6-e0c4-4a11-bd3a-40511f89d736/),Malicious,2024-09-10
[gpcidrv64.sys](drivers/6736cbe7-33ea-4488-b464-231c0b8d1049/),[655110646bff890c448c0951e11132dc3592bda6e080696341b930d090224723](drivers/6736cbe7-33ea-4488-b464-231c0b8d1049/),Vulnerable driver,2023-10-12
[BS_HWMIO64_W10.sys](drivers/a66d0413-cc82-4f1e-bcf1-0dcf9d79f6c0/),[1d0397c263d51e9fc95bcc8baf98d1a853e1c0401cd0e27c7bf5da3fba1c93a8](drivers/a66d0413-cc82-4f1e-bcf1-0dcf9d79f6c0/),Vulnerable driver,2023-01-09
[viraglt64.sys](drivers/c3cca618-5a7f-4a51-8785-cb328fbfb0df/),[58a74dceb2022cd8a358b92acd1b48a5e01c524c3b0195d7033e4bd55eff4495](drivers/c3cca618-5a7f-4a51-8785-cb328fbfb0df/),Vulnerable driver,2023-01-09
[f.sys](drivers/17a1ad58-ecf3-4dea-b1ca-336880d15256/),[54942b92790dc0b84c56d4a00f3ac419b0a506344ca7e9f1fb666a86dbc4117f](drivers/17a1ad58-ecf3-4dea-b1ca-336880d15256/),Malicious,2024-09-10
[zam64.sys](drivers/e5f12b82-8d07-474e-9587-8c7b3714d60c/),[2bbc6b9dd5e6d0327250b32305be20c89b19b56d33a096522ee33f22d8c82ff1](drivers/e5f12b82-8d07-474e-9587-8c7b3714d60c/),Vulnerable driver,2023-01-09
[NTIOLib.sys](drivers/7f9842a0-8118-462e-8860-227265ff4379/),[18776682fcc0c6863147143759a8d4050a4115a8ede0136e49a7cf885c8a4805](drivers/7f9842a0-8118-462e-8860-227265ff4379/),Vulnerable driver,2023-05-06
[SysDrv3S.sys](drivers/cf49f43c-d7b4-4c1a-a40d-1be36ea64bff/),[0e53b58415fa68552928622118d5b8a3a851b2fc512709a90b63ba46acda8b6b](drivers/cf49f43c-d7b4-4c1a-a40d-1be36ea64bff/),Vulnerable driver,2023-05-22
[AsrAutoChkUpdDrv_1_0_32.sys](drivers/02e4a30f-8aa8-4ff0-8e02-1bff1d0f088f/),[4ae42c1f11a98dee07a0d7199f611699511f1fb95120fabc4c3c349c485467fe](drivers/02e4a30f-8aa8-4ff0-8e02-1bff1d0f088f/),Vulnerable drivers,2023-07-22
[gftkyj64.sys](drivers/0fc0563c-de9f-41d8-806a-748e04d57365/),[9b1b15a3aacb0e786a608726c3abfc94968915cedcbd239ddf903c4a54bfcf0c](drivers/0fc0563c-de9f-41d8-806a-748e04d57365/),Malicious,2023-03-04
[a26363e7b02b13f2b8d697abb90cd5c3.sys](drivers/ef6b5fe8-6c4b-4b32-8adc-c1d8a83e8558/),[42ff11ddb46dfe5fa895e7babf88ee27790cde53a9139fc384346a89e802a327](drivers/ef6b5fe8-6c4b-4b32-8adc-c1d8a83e8558/),Malicious,2023-07-31
[gvcidrv64.sys](drivers/56cdac8e-d87d-49c8-b281-6e096c2390d1/),[a2353030d4ea3ad9e874a0f7ff35bbfa10562c98c949d88cabab27102bbb8e48](drivers/56cdac8e-d87d-49c8-b281-6e096c2390d1/),Vulnerable driver,2023-05-06
[driver_146b8f4f.sys](drivers/cea8bd08-a3c5-4ae1-a568-387b909ada67/),[146b8f4fc91a4915e8f6aa6e0d871f7161a809c46760ef602bab534836142436](drivers/cea8bd08-a3c5-4ae1-a568-387b909ada67/),Malicious,2024-09-10
[RTCore64.sys](drivers/275c80c5-a67c-4536-b29e-4e481242cb01/),[03e0581432f5c8cc727a8aa387f5b69ff84d38d0df6f1226c19c6e960a81e1e9](drivers/275c80c5-a67c-4536-b29e-4e481242cb01/),Vulnerable driver,2023-05-06
[d.sys](drivers/7a7630d6-d007-4d84-a17d-81236d9693e1/),[c1c4310e5d467d24e864177bdbfc57cb5d29aac697481bfa9c11ddbeebfd4cc8](drivers/7a7630d6-d007-4d84-a17d-81236d9693e1/),Vulnerable driver,2023-01-09
[b4.sys](drivers/d1441172-cc15-4a96-b782-f440bfb681e1/),[dec8a933dba04463ed9bb7d53338ff87f2c23cfb79e0e988449fc631252c9dcc](drivers/d1441172-cc15-4a96-b782-f440bfb681e1/),Vulnerable driver,2023-01-09
[hw.sys](drivers/5969b6dc-b136-480e-a527-3cb2ea2f0da9/),[4880f40f2e557cff38100620b9aa1a3a753cb693af16cd3d95841583edcb57a8](drivers/5969b6dc-b136-480e-a527-3cb2ea2f0da9/),Vulnerable driver,2023-01-09
[amp.sys](drivers/ca768fc5-9b5c-4ced-90ab-fd6be9a70199/),[cbb8239a765bf5b2c1b6a5c8832d2cab8fef5deacadfb65d8ed43ef56d291ab6](drivers/ca768fc5-9b5c-4ced-90ab-fd6be9a70199/),Vulnerable driver,2023-01-09
[titidrv.sys](drivers/705facba-b595-41dd-86a6-93aefe6a6234/),[208ea38734979aa2c86332eba1ea5269999227077ff110ac0a0d411073165f85](drivers/705facba-b595-41dd-86a6-93aefe6a6234/),Vulnerable drivers,2023-07-22
[phymem_ext64.sys](drivers/2b918b1a-badb-4a85-9214-961607b21219/),[4ec7af309a9359c332d300861655faeceb68bb1cd836dd66d10dd4fac9c01a28](drivers/2b918b1a-badb-4a85-9214-961607b21219/),Vulnerable driver,2023-11-02
[ProtectS.sys](drivers/99668140-a8f6-48f8-86d1-cf3bf693600c/),[9d58f640c7295952b71bdcb456cae37213baccdcd3032c1e3aeb54e79081f395](drivers/99668140-a8f6-48f8-86d1-cf3bf693600c/),Vulnerable driver,2023-01-09
[capcom2.sys](drivers/45c42e32-6261-43c1-bdbd-cab58da729d8/),[6621fb2e761237d2b09863fd31951789697f119d118d2e5db0e957ab0173f06a](drivers/45c42e32-6261-43c1-bdbd-cab58da729d8/),Vulnerable drivers,2023-07-22
[bandai.sys](drivers/058fb356-e0ff-4f5e-8293-319feb005db2/),not available ,Vulnerable driver,2023-01-09
