7,"Anhua Xinda (Beijing) Technology Co., Ltd."
7,"Anhua Xinda (Beijing) Technology Co., Ltd."
7,"Anhua Xinda (Beijing) Technology Co., Ltd."
7,"Anhua Xinda (Beijing) Technology Co., Ltd."
7,"Anhua Xinda (Beijing) Technology Co., Ltd."
7,"Anhua Xinda (Beijing) Technology Co., Ltd."
7,"Anhua Xinda (Beijing) Technology Co., Ltd."
7,n/a
7,n/a
7,n/a
7,n/a
7,n/a
7,n/a
7,n/a
7,ASROCK Incorporation
7,ASROCK Incorporation
7,ASROCK Incorporation
7,ASROCK Incorporation
7,ASROCK Incorporation
7,ASROCK Incorporation
7,ASROCK Incorporation
6,ASUSTeK Computer Inc.
6,ASUSTeK Computer Inc.
6,ASUSTeK Computer Inc.
6,ASUSTeK Computer Inc.
6,ASUSTeK Computer Inc.
6,ASUSTeK Computer Inc.
2,YY Inc.
2,YY Inc.
2,CPUID
2,CPUID
2,"Fuqing Yuntan Network Tech Co.,Ltd."
2,"Fuqing Yuntan Network Tech Co.,Ltd."
2,IBM Polska Sp. z o.o.
2,IBM Polska Sp. z o.o.
1,"""SafeNet, Inc."""
1,Shuttle Inc.
