145,mimidrv (mimikatz)
145,mimidrv (mimikatz)
145,mimidrv (mimikatz)
145,mimidrv (mimikatz)
145,mimidrv (mimikatz)
145,mimidrv (mimikatz)
145,mimidrv (mimikatz)
145,mimidrv (mimikatz)
145,mimidrv (mimikatz)
145,mimidrv (mimikatz)
145,mimidrv (mimikatz)
145,mimidrv (mimikatz)
145,mimidrv (mimikatz)
145,mimidrv (mimikatz)
145,mimidrv (mimikatz)
145,mimidrv (mimikatz)
145,mimidrv (mimikatz)
145,mimidrv (mimikatz)
145,mimidrv (mimikatz)
145,mimidrv (mimikatz)
145,mimidrv (mimikatz)
145,mimidrv (mimikatz)
145,mimidrv (mimikatz)
145,mimidrv (mimikatz)
145,mimidrv (mimikatz)
145,mimidrv (mimikatz)
145,mimidrv (mimikatz)
145,mimidrv (mimikatz)
145,mimidrv (mimikatz)
145,mimidrv (mimikatz)
145,mimidrv (mimikatz)
145,mimidrv (mimikatz)
145,mimidrv (mimikatz)
145,mimidrv (mimikatz)
145,mimidrv (mimikatz)
145,mimidrv (mimikatz)
145,mimidrv (mimikatz)
145,mimidrv (mimikatz)
145,mimidrv (mimikatz)
145,mimidrv (mimikatz)
145,mimidrv (mimikatz)
145,mimidrv (mimikatz)
145,mimidrv (mimikatz)
145,mimidrv (mimikatz)
145,mimidrv (mimikatz)
145,mimidrv (mimikatz)
145,mimidrv (mimikatz)
145,mimidrv (mimikatz)
145,mimidrv (mimikatz)
145,mimidrv (mimikatz)
145,mimidrv (mimikatz)
145,mimidrv (mimikatz)
145,mimidrv (mimikatz)
145,mimidrv (mimikatz)
145,mimidrv (mimikatz)
145,mimidrv (mimikatz)
145,mimidrv (mimikatz)
145,mimidrv (mimikatz)
145,mimidrv (mimikatz)
145,mimidrv (mimikatz)
145,mimidrv (mimikatz)
145,mimidrv (mimikatz)
145,mimidrv (mimikatz)
145,mimidrv (mimikatz)
145,mimidrv (mimikatz)
145,mimidrv (mimikatz)
145,mimidrv (mimikatz)
145,mimidrv (mimikatz)
145,mimidrv (mimikatz)
145,mimidrv (mimikatz)
145,mimidrv (mimikatz)
145,mimidrv (mimikatz)
145,mimidrv (mimikatz)
145,mimidrv (mimikatz)
145,mimidrv (mimikatz)
145,mimidrv (mimikatz)
145,mimidrv (mimikatz)
145,mimidrv (mimikatz)
145,mimidrv (mimikatz)
145,mimidrv (mimikatz)
145,mimidrv (mimikatz)
145,mimidrv (mimikatz)
145,mimidrv (mimikatz)
145,mimidrv (mimikatz)
145,mimidrv (mimikatz)
145,mimidrv (mimikatz)
145,mimidrv (mimikatz)
145,mimidrv (mimikatz)
145,mimidrv (mimikatz)
145,mimidrv (mimikatz)
145,mimidrv (mimikatz)
145,mimidrv (mimikatz)
145,mimidrv (mimikatz)
145,mimidrv (mimikatz)
145,mimidrv (mimikatz)
145,mimidrv (mimikatz)
145,mimidrv (mimikatz)
145,mimidrv (mimikatz)
145,mimidrv (mimikatz)
145,mimidrv (mimikatz)
145,mimidrv (mimikatz)
145,mimidrv (mimikatz)
145,mimidrv (mimikatz)
145,mimidrv (mimikatz)
145,mimidrv (mimikatz)
145,mimidrv (mimikatz)
145,mimidrv (mimikatz)
145,mimidrv (mimikatz)
145,mimidrv (mimikatz)
145,mimidrv (mimikatz)
145,mimidrv (mimikatz)
145,mimidrv (mimikatz)
145,mimidrv (mimikatz)
145,mimidrv (mimikatz)
145,mimidrv (mimikatz)
145,mimidrv (mimikatz)
145,mimidrv (mimikatz)
145,mimidrv (mimikatz)
145,mimidrv (mimikatz)
145,mimidrv (mimikatz)
145,mimidrv (mimikatz)
145,mimidrv (mimikatz)
145,mimidrv (mimikatz)
145,mimidrv (mimikatz)
145,mimidrv (mimikatz)
145,mimidrv (mimikatz)
145,mimidrv (mimikatz)
145,mimidrv (mimikatz)
145,mimidrv (mimikatz)
145,mimidrv (mimikatz)
145,mimidrv (mimikatz)
145,mimidrv (mimikatz)
145,mimidrv (mimikatz)
145,mimidrv (mimikatz)
145,mimidrv (mimikatz)
145,mimidrv (mimikatz)
145,mimidrv (mimikatz)
145,mimidrv (mimikatz)
145,mimidrv (mimikatz)
145,mimidrv (mimikatz)
145,mimidrv (mimikatz)
145,mimidrv (mimikatz)
145,mimidrv (mimikatz)
145,mimidrv (mimikatz)
145,mimidrv (mimikatz)
112,CPUID service
112,CPUID service
112,CPUID service
112,CPUID service
112,CPUID service
112,CPUID service
112,CPUID service
112,CPUID service
112,CPUID service
112,CPUID service
112,CPUID service
112,CPUID service
112,CPUID service
112,CPUID service
112,CPUID service
112,CPUID service
112,CPUID service
112,CPUID service
112,CPUID service
112,CPUID service
112,CPUID service
112,CPUID service
112,CPUID service
112,CPUID service
112,CPUID service
112,CPUID service
112,CPUID service
112,CPUID service
112,CPUID service
112,CPUID service
112,CPUID service
112,CPUID service
112,CPUID service
112,CPUID service
112,CPUID service
112,CPUID service
112,CPUID service
112,CPUID service
112,CPUID service
112,CPUID service
112,CPUID service
112,CPUID service
112,CPUID service
112,CPUID service
112,CPUID service
112,CPUID service
112,CPUID service
112,CPUID service
112,CPUID service
112,CPUID service
112,CPUID service
112,CPUID service
112,CPUID service
112,CPUID service
112,CPUID service
112,CPUID service
112,CPUID service
112,CPUID service
112,CPUID service
112,CPUID service
112,CPUID service
112,CPUID service
112,CPUID service
112,CPUID service
112,CPUID service
112,CPUID service
112,CPUID service
112,CPUID service
112,CPUID service
112,CPUID service
112,CPUID service
112,CPUID service
112,CPUID service
112,CPUID service
112,CPUID service
112,CPUID service
112,CPUID service
112,CPUID service
112,CPUID service
112,CPUID service
112,CPUID service
112,CPUID service
112,CPUID service
112,CPUID service
112,CPUID service
112,CPUID service
112,CPUID service
112,CPUID service
112,CPUID service
112,CPUID service
112,CPUID service
112,CPUID service
112,CPUID service
112,CPUID service
112,CPUID service
112,CPUID service
112,CPUID service
112,CPUID service
112,CPUID service
112,CPUID service
112,CPUID service
112,CPUID service
112,CPUID service
112,CPUID service
112,CPUID service
112,CPUID service
112,CPUID service
112,CPUID service
112,CPUID service
112,CPUID service
112,CPUID service
112,CPUID service
79,Novell XTier
79,Novell XTier
79,Novell XTier
79,Novell XTier
79,Novell XTier
79,Novell XTier
79,Novell XTier
79,Novell XTier
79,Novell XTier
79,Novell XTier
79,Novell XTier
79,Novell XTier
79,Novell XTier
79,Novell XTier
79,Novell XTier
79,Novell XTier
79,Novell XTier
79,Novell XTier
79,Novell XTier
79,Novell XTier
79,Novell XTier
79,Novell XTier
79,Novell XTier
79,Novell XTier
79,Novell XTier
79,Novell XTier
79,Novell XTier
79,Novell XTier
79,Novell XTier
79,Novell XTier
79,Novell XTier
79,Novell XTier
79,Novell XTier
79,Novell XTier
79,Novell XTier
79,Novell XTier
79,Novell XTier
79,Novell XTier
79,Novell XTier
79,Novell XTier
79,Novell XTier
79,Novell XTier
79,Novell XTier
79,Novell XTier
79,Novell XTier
79,Novell XTier
79,Novell XTier
79,Novell XTier
79,Novell XTier
79,Novell XTier
79,Novell XTier
79,Novell XTier
79,Novell XTier
79,Novell XTier
79,Novell XTier
79,Novell XTier
79,Novell XTier
79,Novell XTier
79,Novell XTier
79,Novell XTier
79,Novell XTier
79,Novell XTier
79,Novell XTier
79,Novell XTier
79,Novell XTier
79,Novell XTier
79,Novell XTier
79,Novell XTier
79,Novell XTier
79,Novell XTier
79,Novell XTier
79,Novell XTier
79,Novell XTier
79,Novell XTier
79,Novell XTier
79,Novell XTier
79,Novell XTier
79,Novell XTier
79,Novell XTier
47,NTIOLib
47,NTIOLib
47,NTIOLib
47,NTIOLib
47,NTIOLib
47,NTIOLib
47,NTIOLib
47,NTIOLib
47,NTIOLib
47,NTIOLib
47,NTIOLib
47,NTIOLib
47,NTIOLib
47,NTIOLib
47,NTIOLib
47,NTIOLib
47,NTIOLib
47,NTIOLib
47,NTIOLib
47,NTIOLib
47,NTIOLib
47,NTIOLib
47,NTIOLib
47,NTIOLib
47,NTIOLib
47,NTIOLib
47,NTIOLib
47,NTIOLib
47,NTIOLib
47,NTIOLib
47,NTIOLib
47,NTIOLib
47,NTIOLib
47,NTIOLib
47,NTIOLib
47,NTIOLib
47,NTIOLib
47,NTIOLib
47,NTIOLib
47,NTIOLib
47,NTIOLib
47,NTIOLib
47,NTIOLib
47,NTIOLib
47,NTIOLib
47,NTIOLib
47,NTIOLib
45,Windows (R) Win 7 DDK driver
45,Windows (R) Win 7 DDK driver
45,Windows (R) Win 7 DDK driver
45,Windows (R) Win 7 DDK driver
45,Windows (R) Win 7 DDK driver
45,Windows (R) Win 7 DDK driver
45,Windows (R) Win 7 DDK driver
45,Windows (R) Win 7 DDK driver
45,Windows (R) Win 7 DDK driver
45,Windows (R) Win 7 DDK driver
45,Windows (R) Win 7 DDK driver
45,Windows (R) Win 7 DDK driver
45,Windows (R) Win 7 DDK driver
45,Windows (R) Win 7 DDK driver
45,Windows (R) Win 7 DDK driver
45,Windows (R) Win 7 DDK driver
45,Windows (R) Win 7 DDK driver
45,Windows (R) Win 7 DDK driver
45,Windows (R) Win 7 DDK driver
45,Windows (R) Win 7 DDK driver
45,Windows (R) Win 7 DDK driver
45,Windows (R) Win 7 DDK driver
45,Windows (R) Win 7 DDK driver
45,Windows (R) Win 7 DDK driver
45,Windows (R) Win 7 DDK driver
45,Windows (R) Win 7 DDK driver
45,Windows (R) Win 7 DDK driver
45,Windows (R) Win 7 DDK driver
45,Windows (R) Win 7 DDK driver
45,Windows (R) Win 7 DDK driver
45,Windows (R) Win 7 DDK driver
45,Windows (R) Win 7 DDK driver
45,Windows (R) Win 7 DDK driver
45,Windows (R) Win 7 DDK driver
45,Windows (R) Win 7 DDK driver
45,Windows (R) Win 7 DDK driver
45,Windows (R) Win 7 DDK driver
45,Windows (R) Win 7 DDK driver
45,Windows (R) Win 7 DDK driver
45,Windows (R) Win 7 DDK driver
45,Windows (R) Win 7 DDK driver
45,Windows (R) Win 7 DDK driver
45,Windows (R) Win 7 DDK driver
45,Windows (R) Win 7 DDK driver
45,Windows (R) Win 7 DDK driver
